GradeAvg,SoftwareXP,ElectronicsXP,MechanicalXP,ManagementXP,Projects,Languages,Master,Payment
3.4,6,0,14,3,4,1,0,17038
2.3,13,4,6,20,7,2,0,12073
2.4,0,11,18,0,2,5,1,18751
2.4,9,18,11,16,3,5,1,9806
1.8,3,1,5,8,3,3,0,19055
2.3,14,9,19,11,0,3,0,10355
3.3,11,19,13,9,6,2,0,9179
3.4,10,17,11,0,3,4,0,16855
1.8,10,9,19,3,8,2,1,16948
3.2,3,12,18,13,0,5,1,16971
3.1,16,7,16,16,1,4,0,9427
2,11,19,18,9,3,3,1,11310
1.9,12,10,17,1,8,1,1,17522
3.1,2,15,5,20,6,5,0,10560
3.4,14,15,17,16,5,1,0,12240
3.1,3,10,7,16,5,4,1,10339
2.3,14,5,7,1,0,3,0,15139
3.3,5,10,19,0,7,2,1,17209
3.3,12,8,12,4,9,5,0,17238
2.8,9,1,2,12,8,2,0,10482
2.6,9,6,16,17,9,5,0,9120
3.6,0,5,12,6,4,1,0,17840
3.7,18,12,10,19,5,3,0,9068
3.1,13,13,9,13,9,3,0,9491
2.4,8,0,8,13,6,1,0,9566
3.3,17,1,11,2,9,3,1,16255
2.3,15,15,16,20,0,1,1,13204
3.5,8,14,12,8,10,4,1,10565
1.8,17,16,4,4,9,1,0,8663
3.2,9,3,8,14,7,1,0,19464
2.1,2,7,5,12,9,5,1,8502
2,7,5,15,5,0,3,0,17767
3.4,11,13,0,15,1,2,0,11344
2.3,19,19,2,5,10,4,0,14797
2.6,5,15,8,18,1,5,1,12479
3.7,2,17,20,11,8,3,1,19800
3.4,17,15,2,10,4,5,0,19662
2.2,11,9,2,5,3,2,0,18383
2.9,4,20,11,2,0,1,1,16511
2.4,6,4,11,15,9,5,1,15928
2.5,10,5,14,10,3,2,1,17685
3.2,1,12,12,4,1,1,1,9529
2.5,2,10,10,15,2,4,1,17829
2.4,14,20,20,13,8,1,0,16069
3.6,6,0,11,16,7,2,1,16001
3,5,4,5,1,2,1,1,15663
2.4,5,8,16,17,4,5,0,9666
1.7,12,18,13,17,1,3,1,18353
3.6,16,20,8,14,2,3,0,18784
2.1,14,1,15,15,10,3,1,16903
3,19,14,5,3,5,2,0,13105
2.3,3,3,7,17,6,3,0,15618
1.9,19,18,0,15,2,3,1,10747
2.4,13,4,10,9,7,5,0,17409
2.8,18,12,11,6,3,4,1,11308
3,11,17,19,17,6,4,1,12277
2.7,5,2,16,10,2,5,0,18635
1.8,16,18,8,15,4,4,0,18707
3,4,18,1,6,3,4,0,14029
2.3,2,12,13,1,0,3,1,13958
2.7,2,7,20,16,3,5,0,18498
3,7,17,11,14,10,2,1,14000
3.3,10,11,4,9,2,3,1,14501
3.2,9,6,20,15,7,5,0,15503
2.1,0,13,12,11,7,2,0,9318
2.2,5,18,19,2,1,4,0,9432
3.1,10,7,2,6,8,2,0,16182
2.2,4,10,3,2,1,1,0,10594
1.8,17,6,17,8,10,3,1,11991
2.4,2,14,2,17,1,1,0,15871
2.7,12,0,16,15,7,2,0,14679
3.4,5,19,13,2,7,3,0,11867
3.7,17,14,1,1,8,3,0,15781
2.6,19,18,14,0,5,3,1,16528
3,1,1,11,13,5,5,0,18500
3.3,2,14,2,6,5,2,1,13741
2.7,9,7,6,19,9,4,1,9155
3.1,0,14,0,5,1,4,1,9210
2.3,18,4,17,20,4,2,0,15600
3.6,12,15,3,5,7,2,1,10012
2.8,2,12,8,10,2,3,1,13327
2.4,19,13,13,13,7,4,1,10625
2.3,8,2,3,2,2,5,0,11499
2.8,0,18,4,13,10,3,1,13427
3.5,12,9,0,20,0,1,0,18509
3.7,14,7,6,17,8,4,1,17195
2.6,20,5,2,20,6,5,1,11639
3,3,16,7,14,7,3,0,9382
3.1,10,14,15,17,5,5,0,10838
2.8,12,10,8,4,0,5,1,17748
3.3,0,14,13,20,1,1,0,11470
3,5,4,16,13,7,4,1,13816
2.7,4,20,14,10,6,4,1,10775
2.7,16,12,2,14,5,3,1,15164
2.6,2,6,18,9,0,2,1,9399
2,20,3,10,10,7,4,0,11149
2.7,18,10,11,7,6,3,0,13761
2,9,4,13,2,2,1,1,16529
3,8,14,18,2,1,3,1,13155
2.4,16,4,19,18,2,3,1,18489
3.1,7,1,0,17,3,1,1,18462
3.5,6,2,2,14,6,2,1,13733
3.7,18,11,4,9,2,4,1,18047
3.1,1,13,18,0,1,2,0,12990
2.4,1,8,11,20,10,1,0,19719
3.7,7,8,12,19,8,4,0,9526
3,7,0,20,16,6,1,1,15744
2.7,0,4,4,4,10,4,1,9281
2,5,11,15,9,6,1,1,15022
2.9,10,1,0,14,5,5,0,19949
2.8,10,16,15,8,4,5,0,14800
2.5,13,9,8,6,4,1,1,12928
1.8,18,8,5,15,9,3,0,18168
1.7,8,6,5,1,8,5,0,12339
2.9,4,2,13,19,5,4,1,13994
3.2,12,20,10,8,6,3,0,8807
3.2,19,9,18,20,3,4,0,18387
2.2,13,9,1,13,1,3,1,12102
2.7,14,10,18,2,4,2,1,10780
2.8,7,12,12,9,0,1,1,12587
3.3,1,5,12,20,1,5,1,15547
3.4,4,17,4,0,4,3,1,15757
2.6,9,1,16,16,10,2,0,18377
2,2,0,14,7,3,1,0,11289
3,8,1,11,16,9,1,0,16057
2.1,18,2,13,4,0,2,1,15949
3.5,8,10,9,9,9,4,1,13449
1.7,13,15,18,6,9,4,1,17593
2.1,4,1,20,14,3,5,0,18577
2.4,4,11,16,9,6,3,1,17257
2.6,16,5,2,0,7,1,0,15389
1.9,11,11,11,19,5,3,0,14303
2.5,0,10,8,11,5,4,0,19993
2.6,10,5,18,5,7,1,1,14509
3.1,1,8,0,13,0,5,0,18276
2.2,2,17,18,8,2,1,0,14879
1.8,5,17,3,9,3,3,0,11819
2.4,12,1,4,15,5,3,1,13000
2.1,17,17,10,7,9,3,1,15417
2.1,11,14,8,7,6,1,0,10026
2.9,2,6,18,8,6,1,0,13312
2,2,11,7,17,2,5,0,17938
1.9,18,14,7,5,10,1,1,9786
3.2,6,14,18,19,2,4,0,19421
2,6,20,13,3,2,3,0,13683
1.9,11,5,8,8,8,2,0,14202
2.7,8,19,16,4,6,5,0,8515
1.8,16,1,0,5,3,3,0,18105
2,4,6,0,18,6,2,1,15527
3.1,10,17,13,14,7,1,1,9498
2.5,14,19,14,12,6,4,0,12946
1.8,18,5,13,16,1,2,0,16758
3.2,17,1,0,5,7,4,0,15478
2.5,6,18,18,7,3,1,0,17848
2.2,13,4,16,8,8,4,0,17179
3.4,4,3,3,14,7,4,1,12453
1.8,4,19,12,18,4,2,1,12802
2,12,16,12,17,2,3,1,9797
2.1,6,12,20,19,10,3,0,13824
2.8,13,20,0,19,7,2,1,15123
3.1,10,13,16,14,9,3,1,14386
3,7,5,17,11,8,3,0,9998
3.6,17,14,1,5,3,1,1,15619
3.3,8,9,17,13,3,3,0,14179
2.2,8,6,1,1,3,5,0,10390
3.2,10,10,14,1,0,1,0,15761
2.4,7,19,15,16,8,3,1,18080
2.9,9,1,11,17,2,4,0,14812
2.1,16,4,18,9,5,5,0,16946
3.2,13,10,12,15,8,5,1,15504
3.6,10,19,19,1,10,3,0,13140
3.4,7,18,1,11,1,1,0,17854
3.2,1,4,3,20,2,5,1,15409
3.3,0,4,1,20,5,1,0,9451
2.3,19,3,6,0,3,4,0,12398
2.5,4,10,3,5,4,4,1,9521
2.2,10,19,15,10,4,4,1,17485
1.8,19,14,7,19,1,5,1,17667
2.9,12,7,14,11,4,2,1,9620
2.6,19,2,8,15,9,1,0,10999
3.7,16,0,10,3,3,1,1,14645
3.6,14,17,9,13,0,5,0,15082
2.7,11,15,1,11,7,3,1,14937
2.5,2,16,19,10,7,4,1,19617
3.2,8,17,14,2,7,2,0,15222
3.4,18,8,0,5,5,4,1,16774
3.6,0,10,1,15,8,1,1,8889
3.3,17,2,11,2,9,4,0,16825
1.9,19,12,8,4,10,2,1,9405
3,5,10,18,5,3,1,0,13499
2,6,15,14,2,4,2,0,16605
1.9,6,8,12,10,8,2,0,17876
3.1,3,18,13,13,7,2,0,14792
2.4,5,7,12,0,8,3,1,13583
2.9,13,5,17,12,0,1,1,9630
2,20,0,2,13,7,2,0,18207
3.7,2,9,16,18,6,5,0,14568
3.6,15,6,16,3,7,4,0,11254
3.6,13,12,11,6,8,2,0,18033
3.2,9,14,2,8,10,5,0,13891
2.2,3,1,20,12,5,5,0,18951
2.1,4,13,17,4,2,1,0,14070
2.1,2,17,8,14,3,2,0,16462
3.1,9,4,15,15,6,3,0,15189
3.5,17,4,14,14,0,3,1,18465
2.3,19,7,17,2,0,1,1,17170
2,16,10,15,5,10,3,0,16837
3.2,11,1,9,8,5,3,0,9751
3.5,8,17,10,5,10,2,0,10890
3.5,13,20,5,8,4,5,0,13885
3.2,3,0,7,6,8,3,1,18726
2.8,4,3,4,11,2,1,0,19538
2.8,20,16,15,4,3,4,0,11902
2.2,2,17,15,17,5,3,1,15971
2.7,8,18,17,9,0,1,0,19517
2.4,4,6,17,17,9,1,0,12917
2.1,1,13,17,13,7,3,0,13133
3.6,0,7,10,16,7,4,0,18358
2.2,18,17,6,3,5,5,1,12926
3,13,12,6,11,9,1,0,19223
3.1,4,4,2,16,4,1,0,13387
2.7,11,5,11,16,1,1,1,14703
3.2,9,6,12,19,5,3,0,18342
3.5,4,20,18,15,0,5,1,9394
2.6,11,1,16,16,9,2,0,12383
2,0,6,16,5,0,3,1,10421
3.5,4,8,14,19,9,5,1,15411
2.1,11,10,6,5,10,1,1,9004
2,19,8,1,2,0,2,0,16406
3,3,2,20,11,9,1,1,15044
3,8,14,1,20,6,1,1,18736
2.3,20,11,8,6,7,3,0,8632
2.2,17,11,8,9,5,5,1,9318
3.4,3,4,20,20,10,4,0,11518
3.2,8,6,6,13,1,2,1,14786
2.5,15,5,9,4,10,3,0,19181
1.9,16,2,11,3,5,4,0,10565
1.8,8,5,9,14,10,5,1,9974
2.7,14,4,3,5,9,4,0,15600
2,14,14,16,2,8,3,1,11480
2.7,10,10,15,4,0,5,0,12375
2.1,2,17,16,20,3,1,1,10640
1.8,10,14,19,2,9,4,1,9059
3,12,16,17,3,2,1,1,11411
3.5,14,20,15,3,4,5,1,9608
3.6,8,6,20,6,10,5,0,12923
3,8,5,3,19,8,1,0,15432
2.2,1,10,2,0,7,2,1,16684
2.8,5,15,10,14,0,3,1,10518
3.1,0,13,15,11,7,3,0,15768
3.6,18,10,3,14,3,5,0,17518
2.6,3,11,11,18,2,4,1,13919
3.3,11,17,3,15,4,4,1,14377
1.9,2,13,3,12,6,2,0,18989
3.4,17,3,17,14,4,1,1,10020
2.8,18,16,16,19,4,4,1,15986
1.8,17,20,16,15,10,5,0,13782
2.9,20,15,5,3,5,5,0,19492
3.3,13,15,0,16,3,1,0,19539
3.3,18,5,2,1,10,2,1,12564
3.4,6,19,1,20,6,1,1,9059
2,8,4,5,1,6,3,0,9234
3.4,3,1,17,16,3,2,0,18360
1.7,3,2,18,18,9,2,0,10773
3.3,10,3,1,5,4,1,1,14666
2.7,0,11,12,6,10,4,0,16984
2.7,18,19,7,12,10,2,0,14469
2.5,5,4,1,16,6,5,1,12411
2.6,13,13,1,11,10,5,1,17587
3.4,20,13,3,17,9,1,1,10332
3.7,15,9,11,19,1,3,1,16662
1.9,7,20,16,17,0,5,0,10239
2.4,2,19,9,9,5,5,0,19142
2.4,2,8,7,9,5,5,0,14382
1.9,20,3,7,12,1,1,0,11209
3,5,16,18,0,5,1,0,13083
3,1,7,12,20,6,4,0,8816
3.2,7,2,16,8,5,4,1,11394
3.2,2,4,16,9,3,2,1,10177
3.2,12,9,2,1,7,5,0,11059
3.2,11,18,4,4,4,4,0,16427
2.8,16,18,3,0,10,4,0,12670
3.3,6,1,13,9,6,1,0,11765
3,13,20,4,6,8,5,1,8558
3,4,19,7,7,0,2,0,19804
3.4,17,0,5,11,2,4,1,15579
2.7,3,18,15,10,0,4,1,14872
2,3,17,12,8,0,1,0,15874
2.7,7,7,5,19,5,4,0,8630
3.5,15,4,7,17,0,2,1,12951
2.7,17,8,1,7,9,2,1,17938
2.8,7,12,18,8,10,5,1,18538
3.3,15,7,20,13,6,1,1,11373
3,15,12,7,0,5,1,0,14840
2.5,3,12,13,6,6,5,1,9541
1.9,17,4,2,4,2,3,0,12841
2.8,17,20,17,2,7,5,0,14408
3.6,17,19,8,8,9,4,0,15824
3.1,5,13,11,5,1,2,1,12056
3.1,2,14,14,18,3,1,1,16915
2.4,12,17,10,17,5,2,1,15644
2.8,5,11,6,5,7,2,0,19442
1.7,16,15,16,15,0,3,0,14673
2.3,11,1,20,11,4,3,0,10707
2.3,12,13,0,5,3,2,0,8925
3.4,10,16,13,7,5,2,0,17858
2.3,3,19,10,10,10,2,1,15361
2.5,11,19,3,5,7,4,1,19501
1.9,12,2,20,8,1,4,0,9467
3,15,11,11,9,3,3,0,12621
2.6,6,8,19,8,4,2,0,13432
2.7,3,17,7,19,8,3,0,18716
3.2,2,15,20,11,10,1,0,18859
2,7,20,0,13,8,1,1,16199
1.8,3,8,5,16,8,4,1,8963
3.1,18,17,11,14,6,2,0,16261
2.6,9,16,12,19,2,5,1,19739
3.6,17,9,4,10,9,2,1,12793
3,3,5,1,15,10,2,1,9038
2.4,8,18,16,11,7,1,1,15951
3.3,12,6,3,12,0,5,1,14531
3,16,2,13,17,2,3,0,9367
3,2,11,11,11,7,5,1,11367
1.8,11,11,6,9,2,4,0,10032
1.7,2,8,20,6,3,4,0,16231
2.9,9,10,14,8,8,2,0,9876
2.8,7,19,1,17,3,4,1,15583
2.4,8,18,6,16,1,1,0,10091
2.3,18,16,10,3,4,1,1,12357
2.3,12,6,0,16,0,3,0,14842
3.2,15,3,9,16,5,5,1,12607
3.2,20,9,11,14,5,5,1,12443
2.8,14,12,4,14,0,4,0,18081
2.6,3,0,6,5,4,5,1,12136
3.2,19,19,6,7,8,1,0,19942
1.9,5,7,4,4,7,3,0,14456
1.9,2,17,14,9,5,3,0,9160
2.4,14,2,18,4,9,3,1,10604
1.8,0,16,20,17,9,5,0,9352
2.1,6,9,6,19,0,5,0,14579
1.7,7,14,12,13,0,3,1,19840
3.5,17,15,2,1,3,1,1,11592
2.1,0,20,14,10,5,5,1,13702
3.7,17,5,8,17,8,4,0,16039
2,18,6,15,12,8,2,1,9763
3.3,20,15,9,7,2,2,1,19004
1.9,12,7,4,16,6,4,0,17007
3.4,8,13,14,12,9,5,0,12271
3.2,1,11,7,15,0,2,0,19860
2.5,13,8,15,5,8,2,0,14080
2.7,12,19,12,18,4,2,0,8911
3.4,16,8,19,7,3,2,1,18516
2.4,14,6,7,5,2,1,0,17225
1.9,16,5,17,8,8,1,1,10381
2.2,14,12,13,9,10,3,0,10426
2.4,3,17,13,13,7,2,1,19475
1.9,14,15,1,13,3,4,1,9956
2.5,4,18,3,12,8,2,0,18389
3.2,5,5,6,15,8,1,0,13352
3.5,1,11,7,14,4,1,1,19344
3.6,5,16,0,13,10,2,1,13901
2.2,19,18,11,17,2,2,1,11364
2.5,20,20,9,3,6,3,0,9366
2,2,5,19,9,7,2,1,11097
1.9,18,18,3,16,4,4,0,11600
1.9,18,10,20,7,8,3,1,13056
3,11,12,16,19,9,3,0,17691
2.2,19,3,6,11,3,5,1,9461
2.8,9,4,20,5,10,3,0,17538
1.9,11,19,9,10,1,5,0,9556
1.8,6,17,17,14,0,2,1,8638
2.6,9,11,12,12,10,2,1,13336
3.6,11,3,17,5,9,4,0,9991
2.6,17,8,18,0,4,5,0,10523
1.9,8,12,3,18,5,3,1,10014
2.2,3,1,20,3,2,5,1,8821
3.1,7,18,0,1,0,5,1,14219
3.1,7,14,7,10,3,3,1,11658
2.7,10,14,2,7,3,3,1,12393
3.6,3,16,19,10,2,4,1,16201
3,6,0,3,18,1,5,0,15067
2.3,1,0,0,13,4,3,1,15412
2.8,17,8,0,20,5,5,0,10797
2.8,2,16,14,3,3,4,1,18431
3.4,0,14,4,7,6,1,0,19739
3,20,1,20,9,9,4,1,15867
1.7,3,19,4,9,1,4,1,8924
2.1,18,4,8,6,2,1,1,8973
2.4,2,8,16,9,0,5,1,13630
3.6,13,2,6,5,10,3,0,10081
2.2,4,17,8,4,6,3,0,14495
3.4,15,1,1,16,3,2,1,19346
3,8,0,15,3,1,2,0,10459
1.9,14,2,12,4,4,2,0,10282
3.2,20,16,7,11,1,1,0,13691
3.6,2,15,13,20,7,4,1,9175
2.8,16,20,17,15,2,2,1,9101
2.7,7,10,14,2,4,5,1,17716
2.9,16,11,8,10,8,4,0,12869
3.1,14,5,9,8,1,4,1,18162
2.8,6,8,19,17,2,5,0,18014
3.4,17,12,5,19,3,5,1,14363
2.2,4,15,12,16,5,1,1,9666
3,17,8,16,14,0,2,1,12609
3.2,1,1,19,4,9,4,0,9016
2.1,4,16,0,7,6,5,1,11700
2,11,10,10,1,9,5,1,19000
3.1,5,18,2,20,1,1,0,18107
3.2,10,8,9,4,1,2,0,16493
3.7,16,16,8,2,8,4,1,13274
1.7,18,16,15,4,8,4,1,11594
3,15,10,2,16,5,5,0,18443
2.3,1,20,5,10,3,5,0,16260
2.6,14,14,20,12,7,2,1,14345
3.4,8,19,15,11,9,4,0,9459
2.6,5,11,3,18,4,5,0,14710
2.6,19,1,3,16,4,4,0,10908
3.1,7,20,2,16,3,4,0,18379
2.5,15,12,9,17,6,4,0,17330
2.7,5,9,12,18,3,4,0,15955
3.6,8,3,7,5,4,5,0,14394
2.6,20,11,7,9,4,3,0,16835
3.7,19,2,6,20,7,4,1,9591
3.6,17,19,0,13,0,1,0,12729
2.4,10,11,2,3,9,4,0,9796
2.7,12,7,13,1,2,4,0,9907
2.5,17,13,5,0,4,2,0,8815
2.6,6,20,9,5,10,3,0,11143
3,19,6,4,6,5,3,0,12113
1.9,6,13,9,3,3,1,1,8932
2.2,14,8,0,13,4,4,0,10006
2.3,15,3,12,6,5,5,1,19324
1.9,15,0,8,1,1,2,1,15368
3,12,19,15,16,0,4,0,17752
3.6,3,2,4,4,2,2,0,18679
3.5,16,3,17,16,5,3,1,15069
2.8,13,18,12,17,8,4,0,9867
2.7,14,4,3,7,0,2,1,19550
3.5,10,16,6,20,10,2,1,16305
1.9,7,18,8,14,2,1,1,9564
3.7,14,5,16,18,7,2,1,11574
3.7,6,9,5,18,3,2,1,13277
3.5,8,1,18,7,5,2,0,10137
2.3,18,1,5,7,6,2,0,18584
2.6,8,16,3,6,6,2,0,11648
2.9,10,10,0,5,0,4,0,15457
2.4,11,13,4,13,8,3,1,15978
3.6,19,12,15,20,8,1,0,12671
3.6,1,20,19,8,3,4,1,15646
2.9,1,3,5,18,4,2,0,8792
2.2,18,0,14,9,7,1,0,17964
3.2,11,3,3,17,4,4,1,19758
2.8,20,20,7,13,0,1,1,13245
2.7,20,8,5,9,1,3,1,14233
1.8,14,8,14,14,7,2,1,15740
3.3,12,18,6,14,4,4,1,11079
3.5,1,13,8,17,6,1,1,18647
3.1,8,14,2,18,8,2,0,17199
2.9,8,2,10,3,3,5,0,11934
3.2,20,14,1,2,7,1,1,10428
3.4,16,11,3,16,8,2,0,13916
1.7,10,7,14,14,3,2,1,9747
3.3,8,19,14,9,5,4,0,12924
3.6,8,4,7,5,6,5,0,17663
3,9,15,20,1,6,2,1,10880
1.8,16,5,13,13,10,2,0,14600
2,15,19,3,15,0,1,0,9289
2.2,8,20,12,6,7,4,1,16427
1.7,20,9,12,3,0,4,1,8897
2.4,9,2,17,19,9,4,1,9011
3.1,12,17,17,2,3,5,0,8586
3.6,17,19,4,15,4,4,0,13045
1.8,10,13,0,10,6,2,0,12644
2.9,11,15,14,14,3,4,1,18458
2.6,19,0,9,1,1,2,0,17932
3.4,2,5,10,5,2,5,0,12111
3.6,11,15,10,2,4,5,1,19016
2.7,10,17,10,17,9,1,0,16069
2.4,13,7,16,12,9,4,1,18423
1.9,14,2,20,5,10,2,1,10520
3.5,4,12,20,19,2,1,0,11432
2.6,18,3,2,5,3,4,1,11510
3.2,7,5,16,16,7,3,1,13759
3.2,5,18,16,19,0,4,0,19142
2.1,1,9,15,1,8,3,0,19084
2.7,19,8,4,6,3,2,1,13962
2.5,15,6,14,5,0,1,0,8506
3.5,16,1,2,19,6,3,0,17852
1.9,10,7,8,6,9,4,0,9154
3.3,8,15,18,8,3,2,0,12041
3.6,1,15,19,9,7,4,0,12075
1.9,5,4,6,17,8,1,0,16866
3.1,16,0,9,16,7,1,0,9298
2.4,16,13,12,9,10,3,1,13737
2.6,6,9,10,13,9,5,1,14064
3.2,1,12,17,16,8,3,0,15052
3.3,4,9,17,18,9,4,0,11472
2.7,3,9,0,2,9,4,0,9625
3.5,5,15,9,4,0,5,0,12514
3.2,13,10,8,11,4,5,0,14902
2,13,1,0,5,6,5,1,18117
3.1,14,15,8,19,0,3,1,17961
2.1,18,10,9,5,5,2,1,17786
1.8,19,5,17,20,4,4,0,16543
2.1,20,12,8,14,6,1,0,9475
3,18,10,16,1,3,1,0,16421
2.6,9,13,8,8,10,2,0,16590
3.5,20,19,0,7,2,5,0,18292
2.1,2,4,14,11,7,3,1,11108
2.4,5,9,1,3,3,2,1,11676
3.6,19,17,6,8,4,5,0,18067
3,7,8,14,6,5,5,0,16676
3.1,0,11,12,4,5,2,1,18397
2,4,19,4,15,5,5,0,14699
3.3,2,0,19,18,1,5,1,14399
3.4,7,17,1,8,2,3,0,12041
2.3,18,17,0,11,5,4,0,16634
3.5,8,15,7,4,5,3,0,15416
3.4,6,16,5,18,4,3,1,19768
3.1,6,9,0,4,4,4,1,9711
3,1,19,15,19,9,1,0,17730
1.9,14,9,2,12,8,4,0,15206
2.4,10,11,3,11,2,2,0,14389
2.7,2,10,14,11,8,3,1,17960
3.7,7,20,19,12,8,2,1,18472
2.1,19,7,2,18,4,2,1,14441
3.6,17,19,18,5,5,2,1,10069
2,6,10,13,16,7,4,1,15630
2.7,12,11,6,3,6,1,1,18372
3.6,3,16,5,20,3,1,0,10859
3.3,1,10,5,15,0,4,0,12561
1.8,16,19,20,14,10,3,1,15825
2.6,15,5,15,0,3,2,0,12671
1.8,20,19,9,11,1,1,1,19535
2.5,10,14,7,5,1,2,0,17759
2.6,3,5,18,4,8,2,1,12818
3.1,11,13,15,4,0,1,1,12577
3.6,6,3,12,0,8,3,0,9009
2.7,15,4,20,5,7,3,1,14928
3.7,18,4,18,5,9,2,0,17053
3.3,6,12,8,18,9,1,1,16513
3.6,16,5,0,3,6,5,0,11731
1.7,3,16,18,14,4,2,1,10587
3.4,13,9,19,7,5,4,0,9828
3.2,5,18,11,6,2,4,0,14667
3.5,9,20,3,14,4,1,1,15023
2,6,14,5,10,1,1,0,11164
2.5,11,14,18,10,9,3,0,15768
3.3,10,7,0,1,8,2,0,12438
3.1,9,7,7,7,10,5,0,15262
2.3,17,20,13,19,2,3,0,13853
2.6,1,14,17,6,6,4,1,12484
2,13,1,9,8,10,4,0,11304
2.4,6,11,16,8,4,4,0,19481
2.7,5,5,14,19,2,4,0,12471
2.7,1,6,19,3,1,5,0,13555
2.9,10,8,15,9,4,5,0,11133
2.1,11,14,12,2,6,5,1,16442
3.2,0,7,11,12,3,3,1,16649
3.3,10,10,12,19,1,4,0,9453
2.3,4,14,4,12,5,2,0,9388
3.3,2,4,2,10,10,3,0,13933
3.4,17,17,11,8,2,1,1,18867
1.8,18,10,13,14,10,3,0,13826
2.5,17,14,8,13,2,1,0,9168
2.9,2,3,9,4,10,1,0,16577
2.6,19,1,9,13,6,4,1,13357
2.5,1,9,16,1,10,3,0,17263
2.7,7,2,1,3,0,5,1,12157
2.9,10,11,20,18,8,5,0,13064
1.7,4,17,14,2,0,2,0,15302
2.5,11,17,6,5,7,2,1,9907
2.6,20,3,4,13,10,4,0,13781
2.9,13,15,12,14,10,3,1,12488
2.6,17,3,15,17,2,2,1,15196
3.1,14,13,19,18,10,3,0,16632
3.4,17,8,0,8,9,5,0,12652
2.6,12,6,15,15,4,2,1,12912
3.2,18,4,9,3,5,4,1,17609
3.7,16,6,12,4,0,4,1,14247
2.7,6,11,10,13,5,5,0,12893
2.7,16,19,5,3,10,5,0,14188
2.7,14,16,18,15,0,1,1,11337
3.2,11,7,11,15,0,1,0,12982
2.9,12,18,20,8,10,5,1,9954
3.2,18,0,20,20,1,1,1,16712
2.2,4,7,13,11,5,5,1,17267
2.1,3,4,19,9,0,1,0,18253
3.4,18,10,12,14,7,4,1,9588
2.7,3,15,20,11,0,1,0,15146
3,20,11,19,16,7,1,1,8598
2.4,19,18,19,3,9,1,0,10533
3.2,19,13,15,13,2,2,1,19731
3.3,12,11,4,19,10,5,0,11017
1.9,15,9,5,10,3,2,0,13974
3.3,6,8,0,8,5,2,0,9039
2.5,2,13,16,2,9,4,0,15096
2.1,9,11,11,3,3,2,1,9694
3.1,19,11,17,19,8,1,1,14304
3.6,10,13,6,20,7,4,1,15591
2.4,20,11,3,12,1,2,1,19892
2.1,19,6,11,16,8,2,1,16655
3.6,3,13,9,7,0,3,1,12182
3.4,12,3,12,8,7,1,0,9339
2.6,8,9,1,5,6,2,0,15591
2.4,3,10,14,2,3,2,0,15983
3,20,13,14,19,3,1,0,14936
1.8,18,2,9,18,4,2,1,13416
2.5,19,15,12,5,10,4,0,15569
3,13,8,10,13,1,3,1,9422
2.8,1,3,12,1,1,5,0,19341
1.8,7,8,19,6,10,3,1,13927
2,12,9,7,7,3,2,0,11898
2.3,9,10,9,8,1,2,0,10461
2.9,16,10,17,4,9,3,0,12993
2.7,0,18,2,9,10,1,0,15686
2.7,9,5,5,2,8,3,0,11319
1.9,7,8,9,7,8,5,0,19641
3.1,7,12,10,6,2,5,1,16457
3.5,16,16,1,18,3,1,0,17048
3.1,0,3,18,4,6,4,0,11751
2.5,7,12,20,7,2,5,1,16898
3.5,13,16,7,8,7,2,0,9825
1.7,8,5,6,18,4,1,0,13628
2.2,3,17,5,3,8,1,0,13401
3,2,15,2,5,0,5,0,8785
2.6,20,3,11,8,8,5,1,19786
3.5,14,18,9,3,10,4,0,14607
3.4,0,18,8,6,3,4,1,16052
2.9,12,14,9,12,8,1,0,15019
1.7,16,4,13,6,0,3,1,9064
2.2,8,14,6,13,3,4,1,10781
3,17,5,0,14,4,2,1,11969
2.8,0,7,8,11,5,3,1,12583
3.6,15,11,17,10,7,3,0,18646
1.8,12,18,5,19,6,5,1,13929
2,6,3,6,5,10,5,0,18668
3.1,6,19,0,12,0,1,1,9936
2.8,7,18,18,0,3,3,1,19160
3.5,0,13,5,18,9,2,0,10785
2,9,9,8,1,5,2,0,16862
2.5,7,12,10,20,10,5,0,15625
2.2,20,5,19,6,0,4,0,19265
2.3,12,10,16,10,5,5,1,17291
1.9,1,2,10,2,3,5,0,17258
2,14,10,15,4,10,5,1,19956
2.4,19,1,20,20,1,3,1,12103
3.5,20,12,8,3,8,3,1,17953
3.7,2,9,19,6,9,5,1,10918
1.9,16,20,5,9,3,2,1,18379
2.3,19,1,12,19,8,5,1,10563
2.1,17,10,4,7,4,2,0,15053
3.5,4,11,4,20,8,3,1,19567
2.1,14,9,15,0,2,1,1,15504
2.8,14,1,9,10,5,2,1,9056
3.1,2,14,20,18,3,3,1,14555
3.6,13,19,2,0,6,4,0,18294
3.5,1,3,5,8,5,4,1,16983
3,12,19,18,3,7,3,0,10008
2.8,18,2,7,17,2,3,0,11460
2.1,4,14,7,11,3,2,0,14935
3,17,8,5,1,7,4,1,15069
3.5,19,13,1,1,10,1,1,13182
3.3,5,0,18,16,3,3,1,16753
3,11,13,1,0,7,3,0,8904
1.7,2,1,7,8,5,5,1,10482
2.1,4,18,0,3,6,5,0,11794
1.9,16,16,20,2,5,5,0,18156
3.6,12,10,17,0,6,4,0,8998
2.6,12,0,5,8,8,5,1,10611
2.6,10,4,20,7,6,2,0,19057
2.6,1,12,18,4,9,3,1,18532
3.6,20,18,14,8,2,3,0,13403
2.6,11,11,12,20,5,4,0,15075
2.3,7,18,7,17,6,5,1,15183
1.9,19,12,1,13,4,1,1,14635
3.5,4,5,12,17,10,2,0,16667
1.9,13,6,5,19,1,2,0,8753
2.6,11,15,5,13,3,1,0,16648
2.3,6,2,3,13,9,2,0,8708
3.4,15,19,4,19,3,3,1,12868
3.1,16,0,20,17,8,1,1,13078
2.8,19,0,18,8,10,5,0,8761
2.6,8,15,16,17,4,3,1,15820
3.2,15,9,13,9,5,1,0,14911
2.4,0,20,6,17,3,4,0,10234
3.2,13,19,15,5,4,2,1,15254
2.4,11,6,5,20,1,3,1,11124
2.4,19,10,19,0,7,1,1,16137
2.9,16,16,19,1,3,2,0,17643
3.4,12,17,2,6,9,1,1,16443
2.1,10,20,11,8,9,5,0,13587
3.4,18,16,19,11,9,1,0,17648
3.6,17,12,20,17,2,5,1,17926
3.7,18,17,9,16,2,3,0,9442
2.1,1,12,10,17,2,4,1,18571
3.3,16,19,18,20,9,4,0,11600
2.9,1,8,6,2,10,5,1,19416
3.6,14,14,12,10,2,4,0,12015
1.8,16,7,5,3,10,1,1,18917
2.9,12,12,7,1,1,2,1,9100
3,17,6,7,2,10,5,1,9174
1.7,6,13,11,3,4,1,0,15747
2.2,4,6,11,1,7,5,1,16219
1.9,17,8,6,0,5,2,0,15551
2.6,10,12,1,1,3,4,0,16499
2.5,10,16,14,18,3,4,1,10563
3,6,19,10,16,4,3,0,19486
3,18,2,6,15,8,5,0,18936
3,7,20,0,9,2,2,0,13832
2.8,16,0,11,7,10,5,1,12616
3.1,6,2,11,19,3,2,1,18829
1.8,2,2,10,10,0,5,0,11140
2.6,9,16,15,1,3,3,0,8548
2.1,19,10,3,13,2,2,0,15163
3.5,11,4,16,13,0,4,1,13110
2.3,13,12,13,17,8,3,0,16612
3.1,4,17,3,1,10,2,0,8757
2.5,2,15,9,20,10,2,0,10104
2.4,10,3,6,19,0,4,1,14312
3.5,16,0,11,12,5,4,0,14814
1.8,9,19,0,13,0,1,0,9781
2.3,12,9,2,18,8,1,0,11041
3,12,15,14,8,5,5,1,14268
2.7,18,10,2,9,2,5,1,15401
2.9,13,18,10,13,5,3,0,16716
3.7,2,4,16,7,7,3,0,9412
2.6,18,17,16,3,0,2,1,16014
3.3,19,2,13,11,4,3,1,16038
3.3,6,13,1,19,2,1,1,17242
3.5,3,18,11,19,4,5,1,15969
3.4,2,20,2,2,4,5,1,18035
3.6,12,20,18,15,0,3,0,8972
1.9,6,16,19,12,9,3,1,15038
2.9,10,8,14,18,7,1,0,17285
1.9,18,15,4,3,3,2,0,13647
2.8,16,3,17,3,7,1,0,18840
2.8,0,20,11,0,6,5,0,10258
2.1,0,10,13,8,5,3,1,19939
3.4,10,17,7,4,1,5,0,16668
1.9,2,13,2,9,9,3,1,9313
2.8,3,20,9,20,1,4,1,9293
2.9,20,2,18,8,10,5,0,11629
2,7,19,7,19,3,5,1,15105
2.8,16,13,9,11,10,1,0,14106
2.7,17,10,14,11,7,3,0,16501
1.8,17,9,20,2,0,4,1,13341
2,18,11,17,0,10,2,1,12640
3,6,0,17,8,5,5,0,11299
2.8,6,2,17,16,2,3,0,11160
3.1,5,12,1,1,2,4,1,15521
1.8,13,4,18,17,9,1,0,9476
2.9,14,0,0,9,10,4,0,13659
1.9,3,17,1,20,4,2,1,16419
3,2,7,4,5,8,3,1,9773
1.9,2,15,15,5,8,1,0,14396
3.7,8,17,5,16,9,2,1,12567
2.5,15,16,12,9,10,1,0,15313
3.1,13,16,20,19,9,5,1,11492
2.6,3,4,4,0,7,1,1,11502
1.8,15,20,9,17,6,1,1,11726
3.1,17,16,16,19,9,3,0,19389
2.8,12,14,2,11,1,3,1,13256
2.8,20,0,0,6,5,2,1,8821
2.9,18,3,9,19,10,5,1,13956
2,16,16,15,1,7,5,1,9072
3.4,3,4,17,20,9,4,0,12070
1.8,12,10,11,19,8,1,0,11609
3.6,4,15,12,11,10,2,0,15967
2.5,17,1,13,9,1,3,1,14048
2.2,13,6,9,13,9,2,1,17513
2.9,5,13,14,13,9,5,1,16332
3.3,14,6,19,19,7,3,0,14108
1.7,10,16,9,14,6,2,1,15306
2.1,14,4,11,16,7,1,1,18923
1.8,10,1,17,20,4,1,0,10438
2.4,1,1,2,3,0,1,1,18266
1.8,18,8,17,10,4,2,1,13806
2,16,19,6,5,4,5,1,16973
3,1,17,1,4,7,3,0,18170
3.2,0,0,11,4,10,4,1,14981
2.5,1,5,5,4,5,1,1,12783
3.2,8,1,8,15,7,1,1,14722
3.5,6,9,3,10,4,1,0,11472
3,10,12,9,2,8,5,1,10149
3,18,4,3,12,8,2,1,12961
2.4,4,5,16,13,1,2,0,17860
3.2,10,3,2,5,7,3,1,19981
2.9,14,6,10,9,4,3,1,10117
3.6,5,18,0,13,4,4,1,12590
1.7,16,4,17,2,5,5,1,9515
3.4,0,18,19,17,7,1,1,16773
3.6,9,9,5,20,10,3,0,11676
3.1,5,7,5,9,7,2,1,10706
2.1,15,2,3,5,2,3,0,18127
2.5,0,3,1,1,5,5,1,10028
1.9,7,12,5,18,3,5,0,12808
2.9,8,6,0,0,6,1,1,13182
1.8,8,17,1,12,5,4,1,12739
2.2,2,3,17,4,9,2,0,12200
3.3,17,20,20,15,0,3,1,16060
3.7,12,0,15,12,3,5,0,14851
1.7,16,11,17,17,7,4,0,13912
2.8,20,8,15,20,7,3,1,13201
2.7,11,3,1,12,5,2,0,11225
2.4,2,2,14,14,5,4,0,11778
2.5,1,15,13,2,7,4,0,11501
1.7,0,6,11,8,1,1,0,13230
3.6,16,0,14,18,10,1,1,14254
3.3,4,1,10,5,2,5,1,16543
3,2,13,0,13,1,4,0,18962
3,12,2,14,3,2,1,0,16316
2.2,8,15,9,15,5,5,0,16295
3.7,0,20,5,17,8,1,0,16543
2.7,6,10,11,19,0,2,1,12753
2.2,16,12,0,16,5,2,0,11797
2.6,12,3,13,15,8,3,0,9568
3.1,20,19,19,2,9,3,1,19883
3.6,9,2,4,8,0,3,1,9300
3.2,8,15,10,17,8,1,1,8671
3.3,8,13,14,6,8,1,1,16651
3.2,16,0,6,16,2,2,1,16131
2.6,8,5,2,19,10,4,1,11924
2.1,12,3,9,4,2,3,1,10465
3.1,6,5,17,0,0,3,1,18565
2.2,18,19,19,16,2,3,0,16774
1.7,20,6,5,6,0,5,0,14105
2.9,8,10,16,20,9,5,1,9241
3.4,12,5,14,14,5,5,1,14763
2.8,20,11,2,1,7,1,0,8777
3.3,7,3,16,20,4,2,0,19057
2,19,9,14,7,2,5,0,11186
2.7,2,3,1,4,9,5,1,10209
2.6,0,10,14,20,8,5,0,12236
3.1,13,10,14,6,6,4,0,15786
2.3,0,19,2,6,6,4,0,17825
3,1,7,20,13,10,4,1,17889
3.2,7,7,20,2,0,2,0,9530
2.6,20,17,20,13,7,2,0,18781
2.7,11,6,13,8,3,3,0,12388
2.9,6,3,20,11,0,3,1,19572
3,8,15,19,11,7,1,1,18189
2.6,13,2,6,5,3,3,0,15027
2,7,5,11,5,2,2,1,11925
3.7,14,4,20,17,10,2,1,14173
1.7,8,9,2,0,6,1,1,16843
3.6,2,4,4,15,4,5,1,12830
2.3,7,10,16,12,4,2,0,19938
2.9,20,10,4,19,1,3,0,9799
3.2,4,13,8,8,4,1,1,9293
3.2,19,8,14,15,5,1,0,11053
2.9,0,3,5,16,10,4,1,11418
2.8,18,17,20,12,2,5,0,10473
1.9,13,11,8,12,8,4,1,17474
1.9,9,11,1,2,1,3,1,15173
2.6,9,10,15,4,6,4,0,13428
3.4,20,2,1,7,4,4,0,17944
2.9,2,19,20,10,10,1,0,18167
3.6,6,2,18,18,7,2,1,18163
3.2,5,10,20,3,7,3,0,14467
2.7,12,4,10,3,7,4,0,19968
3.6,19,10,6,8,10,3,0,12512
1.7,12,20,17,3,6,4,0,11088
2.6,6,8,20,17,9,3,0,15099
3.1,0,19,20,4,0,2,0,9637
3.2,4,18,13,20,6,2,0,13770
3.1,0,6,9,6,9,4,0,17157
2.8,3,2,9,4,2,4,0,14154
3.5,7,9,12,1,4,1,0,14037
2.9,2,6,7,10,8,2,0,11556
2.8,20,19,10,9,4,2,1,8836
2,7,19,7,17,5,5,0,15124
3.3,6,17,15,0,0,3,0,11362
3.3,6,10,18,20,1,1,1,18709
3.2,20,3,9,9,5,4,0,12175
3.3,14,9,19,5,6,2,0,17024
2.7,12,9,18,16,0,3,1,16281
3.7,9,8,5,20,0,5,0,18446
3,8,7,5,14,8,5,0,10214
3.4,9,13,14,8,1,3,1,9805
2.6,0,5,7,3,1,5,0,18685
2.5,0,17,3,13,4,4,0,14889
1.8,3,11,13,2,8,2,1,14415
2.8,13,6,12,18,9,1,1,19942
2.7,13,20,3,20,1,4,0,18445
3.7,5,0,16,20,4,3,0,17804
3,17,8,16,5,0,5,1,13080
3.7,0,19,4,9,4,1,1,14038
2.7,6,8,18,4,0,5,0,8654
3,2,3,14,11,8,4,0,13094
3.2,10,9,4,12,7,5,1,16763
2.1,1,2,4,19,2,5,0,17681
3.3,9,19,18,14,6,2,0,9165
2.2,9,16,5,8,4,3,0,10876
1.9,3,17,16,7,6,3,1,11082
2.9,2,8,16,19,10,3,0,10998
3,14,4,11,16,0,5,1,11688
3,12,14,20,16,6,3,0,9516
1.8,4,4,20,14,6,3,1,11423
2,3,17,16,0,7,5,0,11011
3,19,20,3,20,5,5,1,8867
2.8,9,3,4,10,6,1,0,9460
2.9,9,19,16,3,4,2,1,15143
3.6,7,5,11,16,9,5,1,18048
3.2,16,19,10,9,0,5,0,19493
2.7,9,14,5,15,7,4,1,19153
3.1,10,18,20,10,8,3,1,9546
2.9,10,12,13,16,2,1,1,19359
3.7,3,16,4,17,10,2,1,18391
2.5,1,17,15,2,9,3,1,17971
3,6,17,7,2,9,1,1,10097
3.4,3,12,17,9,6,4,0,15031
3.7,4,0,17,3,6,1,1,11465
2.1,6,9,10,4,3,5,0,13622
2.6,4,12,8,8,9,3,1,13631
2.2,19,4,18,2,6,4,0,17977
3,19,7,19,1,10,5,1,15258
2.1,12,18,9,0,10,1,0,18443
3.5,19,16,10,1,1,3,1,13514
2.1,16,18,17,6,2,4,0,19766
2.6,14,12,10,12,6,1,0,8537
1.7,8,6,14,0,4,3,0,13478
2.7,11,10,13,0,0,2,0,17068
2.9,10,0,9,2,5,2,1,19478
3.7,4,16,5,14,7,1,1,17317
2.5,7,12,10,8,2,1,0,10679
3.1,20,16,14,16,4,2,1,15423
3,18,11,10,14,3,4,0,10962
1.7,4,20,14,12,1,3,1,18706
2,12,19,9,9,10,1,0,9924
2.9,1,10,9,11,9,3,1,8801
3.6,9,19,20,9,1,4,1,16900
1.9,0,8,13,16,2,2,0,18154
2,19,14,10,8,6,1,0,15707
2.9,16,19,11,6,3,2,1,13424
3,2,8,13,10,9,4,0,12980
2.9,8,20,4,5,4,2,1,10073
2.9,13,9,6,16,3,3,1,19103
1.9,9,16,5,11,10,3,0,15709
2.2,3,2,13,17,5,4,1,18077
3.4,11,15,8,5,4,2,0,17218
2.6,13,8,3,18,2,5,1,15263
2.8,1,11,16,20,9,2,0,9379
2.4,15,10,6,4,4,4,1,17127
3.2,1,15,13,16,8,3,0,10089
3.6,17,20,16,19,10,5,0,10949
3.1,19,1,12,7,7,2,0,14927
3.5,16,18,15,2,2,2,1,19504
1.9,15,4,12,9,7,3,1,11885
2.2,6,9,7,15,0,3,1,12622
2.8,2,8,0,18,2,1,0,15095
2.7,2,0,12,12,1,4,1,19970
3.3,17,13,5,5,1,1,1,14693
2.5,2,15,4,6,10,1,1,14193
3.3,13,4,3,20,10,1,1,11212
2,5,6,4,0,8,2,1,16662
3.7,20,2,13,12,10,4,1,12176
2,10,5,13,15,7,5,1,13042
3.3,11,18,6,0,0,5,0,11393
2.7,17,9,0,14,1,1,0,14236
3.5,4,20,2,5,7,3,1,19066
2.5,14,20,8,7,7,3,1,14498
2.6,10,16,3,12,4,3,1,10065
2.2,14,1,8,16,5,3,1,11471
3.3,15,5,9,2,8,3,1,9804
3.5,15,15,7,15,10,3,0,12437
3.5,13,16,17,11,7,2,0,16244
3.6,9,7,9,11,4,5,0,15818
2.8,18,14,18,11,8,3,0,14014
3.2,7,2,14,2,7,5,0,9814
3.6,17,7,5,2,5,4,0,8825
2.4,15,7,15,2,4,4,0,12848
3.5,0,11,11,11,7,1,1,10562
3.5,6,18,18,6,0,5,1,18006
2.8,16,18,7,18,8,1,0,9263
2.3,12,16,18,1,9,2,0,10377
2.1,13,11,18,19,8,2,0,14414
3.1,6,16,0,10,6,1,0,18898
3.6,12,0,16,19,4,4,1,16572
2.4,9,6,11,11,6,4,0,16847
3.5,5,5,4,19,4,5,0,16551
2.7,5,4,19,6,2,1,0,18861
2.9,13,16,16,3,0,1,1,12915
2.8,20,11,3,14,0,3,1,17780
3.4,12,16,6,15,5,5,1,14256
3.3,17,10,12,16,8,5,1,14645
3.1,5,18,2,4,1,4,0,10220
2.5,3,9,3,13,8,2,1,17984
2.4,13,9,19,10,2,5,0,17814
2.5,4,3,1,12,5,4,0,14539
3,3,12,13,15,8,5,1,13952
1.9,20,16,3,2,0,5,1,10305
3.1,7,4,19,18,2,4,1,9034
2.1,5,4,12,0,3,1,1,9624
2.3,17,12,19,5,6,4,1,14762
2,0,2,16,0,8,3,1,18773
1.9,5,15,10,3,10,5,0,13520
2.7,12,3,5,3,8,4,1,14863
3.1,16,18,18,1,8,4,1,16103
3.2,14,12,13,3,4,5,0,16870