Grade Avg,General XP,Software XP,Electronics XP,Mechanical XP,Management XP,Projects,Languages,Master,Payment
2.8,14,17,29,25,26,0,2,1,10411
2,5,11,2,5,20,1,4,1,11618
1.9,20,4,5,0,10,7,3,0,13148
4,9,29,9,26,26,0,5,1,12710
3.3,7,23,11,5,14,3,1,0,13986
1.9,19,24,14,13,0,2,4,1,18332
3.8,2,16,18,3,20,6,3,1,13808
4.5,6,11,30,6,24,7,4,1,16943
2.3,5,23,24,4,14,4,3,0,18114
4.3,22,4,29,24,7,9,2,0,11628
2.4,14,27,3,19,22,10,3,0,12254
4.5,5,13,7,3,12,5,1,0,17186
2.2,25,14,9,1,17,5,4,0,15956
3.6,23,29,25,20,30,1,5,0,11245
3.1,22,22,20,30,9,5,3,1,18736
3.8,23,2,26,17,2,8,2,1,15904
3.3,3,4,6,17,4,3,2,1,15739
4,11,21,11,16,4,10,3,0,17577
3.2,30,29,15,4,13,3,2,1,14043
4.4,30,3,14,30,13,6,3,0,10968
4.7,26,18,11,28,13,6,5,0,9271
4.3,23,14,5,26,25,6,5,1,12581
4.3,27,23,5,12,4,2,3,1,13934
3.9,30,18,21,7,16,9,2,0,11542
2.9,12,25,22,15,8,6,2,0,13975
1.8,25,29,28,23,2,9,1,1,18897
1.7,14,1,18,20,27,10,4,1,15444
1.9,27,24,28,6,12,5,4,0,16410
3.7,18,4,11,9,9,10,1,1,8860
2,19,0,4,12,0,9,2,1,12856
2.2,3,8,17,24,13,2,1,0,8578
3.3,23,3,27,23,2,4,1,0,19125
3.9,20,6,8,3,16,3,4,0,18067
4.7,4,19,25,10,19,3,1,1,14682
3.8,9,2,7,28,5,9,3,0,13231
3.2,16,6,16,23,20,7,5,1,18729
4.2,8,16,23,7,27,9,4,0,19181
4.3,27,22,16,30,1,7,5,0,14664
4.2,13,23,26,29,25,0,1,0,18613
2.9,22,3,5,4,26,8,5,0,15514
2.5,16,23,25,26,9,9,5,1,14380
3.2,21,14,24,28,0,4,2,0,16270
4.5,28,7,11,19,6,3,1,0,10271
2.1,15,26,4,18,0,10,2,1,16604
2.3,13,20,18,11,5,5,3,0,17534
2.9,5,5,20,15,8,2,2,1,14166
4.4,22,10,4,3,29,4,2,1,18941
4,22,9,20,27,27,7,4,1,11681
4.1,27,6,1,20,27,9,2,0,17641
2.8,5,19,13,29,21,1,5,1,14403
2.1,21,14,1,24,15,9,4,1,17884
1.9,28,15,26,3,20,3,1,0,10669
1.8,2,16,15,4,2,2,2,0,11359
2.3,28,10,19,14,16,6,2,0,15523
2.5,18,13,1,29,0,5,5,1,9954
3.6,27,28,11,11,18,4,2,1,17416
3.3,25,1,12,0,29,4,3,1,10771
3,7,25,29,19,1,6,1,0,15231
4.5,14,23,8,23,22,6,5,0,14412
4.1,27,30,11,7,13,8,1,0,16856
2.7,13,26,11,21,16,2,2,0,15093
3.6,7,23,24,21,28,4,4,0,11179
4.6,7,20,1,28,30,0,1,1,16379
1.8,0,6,7,2,10,9,4,1,9596
2.5,28,19,2,25,23,6,2,1,10735
4.6,1,8,21,21,16,2,4,1,8707
2.8,8,26,6,1,20,9,3,1,12018
3.6,2,22,5,17,3,7,3,0,12281
2.9,3,26,29,10,26,3,1,1,13727
2.9,10,11,23,17,10,6,5,0,12064
4.3,21,21,6,19,24,7,3,1,9820
4.3,17,14,13,27,20,3,3,1,17525
3.9,4,2,22,29,17,5,1,0,12809
3.8,1,20,13,18,14,9,3,1,16139
3.5,17,3,26,19,15,3,5,0,14127
3,5,10,26,8,6,4,5,0,10111
2.4,18,12,5,21,22,10,4,0,12184
3.7,3,9,4,8,26,8,1,1,19749
2.5,28,13,6,16,7,8,1,0,8968
2.6,12,12,19,7,28,0,4,1,10774
2.5,10,17,22,21,4,1,2,0,19124
4.2,5,10,5,25,13,6,4,0,12594
4.3,19,15,16,22,22,6,4,1,8869
1.9,20,22,2,29,7,6,3,1,8891
3.5,29,23,30,1,12,6,3,1,16284
3.1,3,25,19,29,3,6,3,0,16652
4.4,22,28,20,30,29,3,3,0,18180
3.2,11,24,26,10,13,8,2,0,18089
4.1,16,25,10,21,27,0,4,0,19239
4,28,26,3,25,19,3,4,1,14840
2,12,14,16,20,12,1,5,1,15487
2.4,11,29,21,5,24,3,2,1,16196
3.4,26,15,26,30,24,9,5,1,14238
4.6,14,18,26,24,17,10,4,1,13859
3.6,12,27,29,4,17,9,4,1,13641
2.5,17,1,11,27,4,6,1,1,14598
1.7,17,20,24,21,27,9,2,0,13250
2.7,30,3,11,20,28,0,4,0,15115
4.5,11,29,8,4,10,5,2,0,10204
4.1,29,15,10,26,29,8,3,1,10146
3.7,26,9,14,4,5,0,1,1,9006
2.1,6,4,27,28,2,10,1,0,12191
4.1,14,7,18,25,11,2,3,0,18526
4.3,30,12,19,1,15,9,5,1,10827
3.1,23,20,5,18,7,1,4,0,11643
4.3,29,14,22,4,5,8,2,1,19388
4,20,15,26,11,12,10,1,0,11483
2,17,28,7,27,9,7,1,1,16719
2.4,23,9,25,9,2,5,2,0,8594
3.7,1,30,8,27,19,5,3,0,18676
1.8,11,11,23,24,5,5,1,0,18899
3.9,4,4,26,11,13,0,2,1,12386
2.1,3,20,12,3,2,4,3,0,15345
3.4,2,17,16,26,30,1,5,0,8825
2.2,24,7,6,7,6,9,1,1,19460
2.2,5,5,15,24,7,9,4,0,10075
2.6,10,11,1,7,12,9,3,1,10699
2.5,8,19,26,10,8,4,2,1,14126
2,14,26,9,27,6,8,2,1,14563
3.8,29,5,29,16,1,10,1,1,16177
2.6,12,12,21,3,14,5,2,0,17885
2.8,17,5,28,25,1,4,1,0,13814
2.4,27,27,19,9,3,9,3,0,17211
1.9,21,0,7,18,14,5,4,1,19014
2.1,26,3,13,17,28,9,3,1,19906
3.1,18,11,28,13,3,2,2,0,9998
2.1,0,15,0,15,5,7,3,0,9044
4,16,26,23,4,30,0,3,1,8801
3.9,4,17,3,28,28,2,5,1,13164
1.9,30,25,3,6,28,1,3,0,14170
3.8,17,19,2,25,10,6,4,1,17619
3,10,9,13,2,30,10,3,1,12874
3.8,19,3,24,17,20,3,5,1,15415
1.9,26,22,2,18,16,0,4,0,9666
4.3,6,11,10,16,19,7,1,1,11083
1.9,16,21,26,19,23,1,2,1,13040
2,20,30,15,1,3,1,5,0,18695
3.6,19,5,10,11,12,2,2,1,12577
2,5,11,30,13,11,6,2,1,9456
3.6,20,27,26,1,6,6,2,1,18159
3.4,7,18,6,9,18,2,4,1,18743
3.8,23,11,12,3,28,9,2,0,19329
4.6,15,7,9,28,10,7,5,0,10270
2.4,28,24,20,24,30,10,3,0,13897
2.8,12,23,25,14,8,9,5,1,11722
2.7,22,9,20,13,24,3,5,0,17428
2.9,12,27,27,24,18,3,1,1,19598
2.4,18,25,6,3,21,3,2,0,12624
2.4,5,22,24,3,28,1,2,1,16459
3.3,30,17,13,28,28,6,4,1,15597
4.1,2,25,15,10,27,9,1,1,15010
2.6,3,19,13,11,25,7,3,0,11555
3.3,12,18,2,21,29,5,5,1,9947
4.1,19,20,13,7,21,9,4,0,10216
3.4,20,17,20,11,0,3,3,0,15571
2.4,3,28,5,24,1,8,2,0,18609
2.4,30,12,30,7,14,5,2,1,17187
4,1,24,20,5,22,10,5,1,12759
2,3,9,10,10,10,9,2,1,10153
2.3,14,29,1,25,18,2,3,1,11609
3.7,22,6,27,6,25,3,5,0,13521
4.1,1,1,29,19,1,5,4,0,11972
4.4,25,13,1,16,2,8,3,1,16458
3,17,24,13,8,12,0,4,0,17910
1.9,0,16,23,21,27,10,1,0,13954
4,14,2,3,5,5,7,4,0,9146
3.4,23,3,12,7,15,3,1,0,14329
4.6,11,17,27,24,3,2,1,1,12194
2.3,12,18,3,25,30,1,1,1,11993
3.3,26,1,1,18,27,0,5,0,13991
2.5,15,10,1,14,22,9,5,0,17446
3.1,27,7,6,11,8,6,4,1,13041
4.3,0,25,1,11,18,5,4,0,13278
4.3,5,10,5,14,25,7,3,1,11680
4.5,17,18,15,11,28,3,5,1,11878
2.1,10,14,14,28,26,10,4,0,19062
2.1,19,3,22,4,3,2,5,1,12644
2.2,24,10,16,4,24,8,3,1,9596
2.9,29,27,19,17,16,4,1,0,16327
2,24,20,20,21,3,10,2,1,19883
4.3,24,19,7,17,29,8,1,0,12331
4.4,11,22,19,2,24,7,2,1,10080
1.8,8,29,29,20,27,8,5,1,11264
2.8,10,16,19,8,2,6,5,0,10254
2.2,11,17,23,3,11,6,4,1,14242
3.2,7,15,10,28,1,7,1,0,17844
4.2,26,22,15,28,22,4,4,1,13038
4.7,30,0,4,3,28,8,2,0,16231
3.6,23,20,20,16,17,4,2,0,11638
3,24,26,1,22,10,0,3,0,13922
2.7,16,2,27,23,20,6,1,0,15001
2.2,11,14,13,6,25,0,3,1,17471
4.1,14,19,27,17,7,8,5,1,17213
3.3,25,17,21,5,19,2,3,0,11139
2.9,0,5,10,30,10,5,3,1,14592
4.1,9,4,29,8,23,2,4,0,13672
3.9,11,19,4,26,1,0,2,1,14328
4.1,25,0,11,28,17,9,4,1,19940
3.3,10,21,20,3,9,2,1,0,19954
2.8,19,1,22,1,29,9,2,0,13996
3.2,3,12,11,9,11,7,2,0,17398
2.4,28,23,15,6,9,8,1,1,10829
2.7,8,27,19,16,22,1,2,0,8742
3.3,26,10,18,27,23,9,3,0,14323
3.3,13,19,21,12,14,8,5,1,13229
1.9,30,18,28,19,14,10,1,0,18179
4.1,10,21,8,9,28,7,4,0,19068
3.2,25,13,22,2,27,8,1,0,17149
2.9,26,8,16,2,0,5,5,1,16896
3,14,16,2,13,18,3,2,0,8807
3.7,17,24,6,21,28,1,4,1,15853
1.9,6,16,19,7,1,0,1,1,9840
2.3,23,2,4,8,7,9,4,1,12867
4.2,3,6,9,8,30,0,5,0,11683
4.6,13,15,27,28,14,7,5,1,9011
3.5,8,5,1,12,20,3,1,0,10261
2.2,28,3,2,7,21,2,5,0,9001
2.7,20,15,23,2,2,5,5,1,11219
3.3,8,5,10,8,6,0,3,0,17950
3.7,25,22,27,30,3,10,5,1,12403
2.7,21,11,22,24,25,9,4,0,14057
2.7,20,6,25,25,2,4,1,1,10215
3.4,25,20,6,1,2,10,5,1,19683
1.8,11,15,21,2,11,0,4,1,14298
3.3,13,18,3,28,4,3,5,1,14939
3.7,26,16,15,3,11,2,3,0,13240
2,16,0,7,19,30,5,2,1,9188
3.2,9,30,21,24,28,5,3,1,19921
4.1,27,23,30,15,15,6,2,1,16762
3.7,15,15,9,2,12,4,3,0,9104
4,18,20,1,27,24,4,3,0,14898
4.4,4,28,24,23,28,6,2,1,18553
3,6,10,13,3,26,1,3,1,19239
3.6,21,14,11,29,5,3,2,1,18856
4.1,19,29,19,22,8,10,4,1,19485
2.3,2,21,3,9,0,1,5,1,12307
3.7,12,25,4,16,26,10,1,0,16736
3.8,15,3,21,19,6,9,1,1,19394
4.3,4,23,4,16,25,3,4,0,19032
2.7,23,15,22,1,28,1,5,0,11976
1.9,22,2,4,17,20,3,5,1,18539
2.6,13,25,7,25,28,1,5,0,10146
3.1,28,29,2,23,15,6,5,1,14288
2.8,8,25,6,28,24,8,2,1,12004
4.1,22,18,27,19,22,4,2,1,11003
1.8,29,19,22,27,25,5,4,1,11345
2.1,26,7,2,0,22,10,1,1,10079
4.7,14,6,19,2,10,7,5,1,18101
3.3,17,28,16,18,10,4,5,1,10238
2.1,25,24,5,11,14,5,1,1,17155
3,0,13,12,28,4,6,1,1,13285
2.3,7,30,10,26,12,2,2,1,13047
1.9,16,30,23,14,2,2,1,1,18721
2.6,22,13,13,15,22,2,2,0,19748
2.6,28,17,25,6,3,1,4,1,13765
2,19,24,11,26,0,4,3,0,11036
2.8,26,0,9,17,30,1,5,0,8553
2.5,3,28,9,30,8,9,2,0,18240
4.4,20,30,1,29,21,10,2,0,17167
2.3,11,5,29,3,7,3,4,1,18188
2,21,13,2,17,10,3,4,1,13225
1.7,25,5,23,11,11,8,2,0,16951
1.7,0,13,7,5,14,10,5,0,19705
2.9,23,26,21,27,6,9,1,0,13231
2,5,6,13,29,5,0,5,0,9650
3.6,24,16,13,0,17,4,3,1,16410
3.9,20,25,25,30,5,7,5,0,12927
3.6,9,13,27,22,0,3,2,0,15036
4.5,13,1,12,23,25,7,5,0,12767
3.6,3,14,15,12,2,1,5,1,14089
3,24,20,19,26,1,8,1,0,8731
3,0,14,20,2,1,3,5,1,18688
2.1,11,7,7,12,16,8,1,0,17713
2.5,5,24,11,25,3,5,2,1,15153
4.7,8,23,9,16,13,8,4,0,19147
2.5,23,17,13,7,24,0,4,0,13832
4.1,17,17,18,22,10,3,2,1,8969
3.4,14,9,12,1,30,3,3,1,12981
2.3,7,29,8,5,26,9,3,1,9601
3.4,11,12,9,5,8,6,4,0,9027
4.5,2,29,8,7,8,0,4,1,15554
1.9,22,26,18,26,22,7,4,0,19408
3.2,16,29,30,8,30,7,5,1,10707
3.5,10,26,1,20,15,3,5,0,17213
3.8,0,29,2,15,15,5,5,0,15467
2.4,19,8,28,9,18,4,5,0,17053
2.2,21,25,2,27,25,2,5,0,11978
2.9,12,17,26,22,4,8,3,1,13644
3.7,9,20,25,5,13,2,3,0,10408
2.7,28,29,7,3,27,1,1,0,16029
3.5,22,11,6,25,23,2,1,0,14405
4.6,11,8,14,24,2,6,5,0,16822
3.4,7,2,10,23,23,4,4,1,17785
2,4,9,5,14,25,5,2,1,19623
2,0,30,29,16,3,10,1,1,9654
2.4,22,21,21,25,18,3,5,0,11807
4.2,13,6,13,7,30,1,2,0,16622
3.5,24,22,24,2,30,3,1,1,11742
2.7,19,25,1,18,14,4,4,1,18593
3.9,27,5,26,8,23,1,5,1,16215
2.6,6,23,29,13,5,3,2,0,14221
3.7,25,26,9,3,26,4,4,1,13331
3.1,22,22,29,12,26,3,4,1,18174
4.2,30,29,27,6,24,10,5,1,14353
3.7,26,13,12,20,28,2,4,1,10917
4.4,20,7,29,13,9,8,5,0,14535
3.7,7,3,10,3,14,4,5,0,10001
2.8,0,7,29,13,27,9,1,0,14753
1.9,20,23,28,3,29,4,1,1,19870
2.6,14,27,3,8,27,7,2,0,15909
4.1,15,30,29,11,24,4,3,1,19533
3.7,3,4,3,9,19,8,3,1,17327
4.1,10,14,22,17,14,3,2,1,16952
4.6,11,23,30,1,0,5,1,0,12835
1.8,18,5,20,18,1,1,1,1,11248
2.5,16,26,20,30,14,3,3,0,14981
4.2,26,8,17,25,6,1,4,0,16619
3.4,24,23,1,9,3,9,4,0,19275
2.6,7,10,9,17,26,6,2,1,9405
2.5,26,24,23,5,23,8,3,1,12113
4,17,11,28,15,23,4,4,0,16121
4.3,19,29,25,20,28,2,2,1,18179
4.4,5,15,8,1,12,8,1,1,15788
2,15,21,0,22,23,5,2,1,16814
3.9,14,26,17,12,21,4,1,1,10348
4.6,1,5,8,23,13,8,5,0,19687
3.2,10,15,26,3,22,10,5,1,13580
3.3,2,14,28,29,20,5,1,0,11761
4.5,29,28,24,19,10,2,4,1,11324
3.7,28,18,26,9,17,7,2,1,17697
4.1,2,7,21,11,29,10,3,1,15658
3.4,30,13,2,20,21,10,4,0,9483
4.5,29,21,26,18,23,4,2,1,10817
2,1,24,0,24,2,8,2,0,10093
4.4,10,15,16,28,21,6,2,0,12068
2.4,29,22,0,20,19,4,5,1,9113
2,28,24,23,22,3,4,4,1,8656
4.2,19,22,8,13,20,2,1,0,18750
4.2,7,21,7,8,29,6,4,1,18786
2.7,29,30,6,22,10,0,5,0,18340
3.1,6,6,0,9,14,4,5,1,13890
1.8,13,5,20,25,10,6,3,0,11720
3.7,8,3,16,18,10,7,3,0,17222
3.1,19,18,13,27,28,1,3,0,16431
2.9,23,13,12,1,10,8,1,1,17559
4.5,4,7,12,27,30,3,4,0,15064
3.1,30,18,29,15,14,5,3,1,17002
2.2,3,10,16,24,2,10,3,1,8944
1.8,4,0,23,2,13,6,1,1,10237
1.9,1,9,11,11,26,7,4,1,10867
4.2,25,0,14,16,14,8,2,0,16820
2.3,6,22,16,11,10,8,5,1,18717
3.9,13,30,29,18,25,3,1,0,19029
2.2,0,15,11,29,16,1,3,0,13878
3,28,5,27,16,3,4,3,0,17973
2.9,9,18,0,26,27,5,4,0,14109
3,21,22,18,11,22,1,2,1,11948
4.2,12,7,12,24,12,3,2,0,13991
2.6,2,8,20,9,2,0,3,1,12488
3.3,30,23,2,29,26,4,1,1,19279
2.7,19,10,26,25,4,1,4,0,9501
4.5,25,11,18,26,15,7,1,0,11859
1.8,4,11,4,17,3,4,1,0,14130
2.2,19,9,23,9,24,10,1,1,16337
1.8,9,24,21,23,14,2,3,0,16284
2,18,4,27,16,22,2,5,1,9480
1.8,25,7,6,17,3,3,2,1,8760
3.1,0,4,1,25,23,9,1,0,16743
1.8,13,25,6,23,5,5,2,0,15516
4.2,19,27,14,0,30,3,2,0,12278
2.1,29,12,25,28,1,1,3,1,11071
2.9,18,9,25,24,21,10,4,1,8506
2.9,14,5,3,5,22,1,3,1,12139
2.9,16,8,10,4,22,0,2,1,8581
2.6,26,1,14,5,29,5,5,1,15435
4.2,17,3,27,8,27,5,2,1,14920
2.7,10,19,29,19,25,6,1,1,12233
3.6,4,1,17,14,26,6,4,0,9467
4.1,15,5,11,18,23,2,2,0,14039
4.5,0,12,1,25,14,0,5,1,12153
4.5,21,25,18,8,5,7,1,1,13758
2.4,12,2,9,21,16,0,4,1,18925
3.8,4,0,19,21,2,3,3,1,11810
1.8,19,23,14,19,16,2,5,1,14421
3.7,9,24,21,28,30,0,5,1,11807
2.3,26,2,0,5,5,7,2,0,17589
2.3,28,5,15,12,10,10,3,1,17229
2.3,5,2,2,27,27,1,5,0,15504
2.9,1,8,16,28,8,8,1,1,18514
1.7,6,26,28,5,20,1,4,1,8737
4.1,5,19,24,11,29,0,1,0,11980
3.8,9,18,13,29,2,7,5,1,14781
3.5,2,14,13,24,7,8,1,1,9241
1.9,25,26,13,29,1,2,5,0,10304
4.1,30,5,20,1,10,10,4,1,15062
2.5,5,26,5,21,17,0,2,1,19680
2.9,20,27,2,7,19,0,4,0,15694
1.8,6,5,30,10,4,0,2,0,13532
4.6,3,10,4,6,20,1,3,0,16902
4.3,23,18,3,16,28,2,4,1,8949
2.9,29,21,19,7,30,4,2,1,16720
1.8,22,1,13,19,25,7,5,1,17408
3.9,27,18,5,26,9,0,3,0,12897
3.6,27,29,11,3,6,9,4,1,14435
3.3,12,23,23,0,15,8,2,1,17632
4.6,10,6,5,28,5,6,5,1,17956
2.1,14,7,29,0,27,3,1,0,10948
3.8,13,5,18,25,25,6,2,0,14965
4.1,25,17,25,29,23,9,2,1,16013
3.2,22,10,9,30,12,10,4,1,14453
3.7,30,2,0,4,27,5,1,0,9631
1.8,11,22,14,5,11,7,3,1,10271
2.8,13,30,8,26,10,6,5,1,14223
4.2,10,12,18,6,13,9,3,0,12895
4,3,8,5,4,8,7,2,1,10239
3.1,30,6,7,23,7,2,4,1,11555
4.2,14,2,12,22,7,6,5,1,18187
2,18,29,5,28,29,5,4,1,9105
2.8,20,6,27,29,25,6,5,0,18848
2.5,25,4,22,8,22,9,2,0,11985
2.4,29,20,16,25,24,9,3,1,14482
3.6,26,30,5,8,5,6,3,0,15665
4.7,17,5,15,27,20,7,4,0,13144
3.2,10,8,12,8,13,2,2,0,19376
2.7,27,2,16,12,20,5,3,1,15848
4.5,5,16,10,3,17,1,3,1,16506
2.5,17,20,4,1,1,8,3,1,16338
2.3,29,13,7,21,13,3,3,0,17642
2.1,2,3,7,17,5,10,2,1,18113
3.1,23,29,17,5,11,1,1,0,10980
4,1,4,9,14,21,2,2,1,9172
3.7,17,25,21,4,3,1,5,1,14998
1.9,22,0,6,12,28,6,2,0,11653
2.8,26,13,22,6,27,5,3,1,14040
2.4,12,8,5,11,21,1,4,1,13274
2.9,8,14,3,21,7,0,5,1,16109
3.9,16,16,7,10,8,5,4,1,13391
1.7,23,19,9,4,4,9,2,0,10615
4.1,10,1,18,15,16,8,3,1,9514
2.7,22,20,4,14,13,7,1,1,10113
2.4,23,30,10,5,18,4,2,1,17178
3.1,1,29,9,24,10,3,5,1,15185
4.2,22,1,9,22,28,6,2,0,15667
3.8,19,6,17,21,7,1,2,0,10900
4.5,22,2,10,1,18,9,3,1,19282
4.1,15,3,19,7,19,0,5,1,16726
2.9,12,10,22,18,30,7,4,0,9101
1.8,5,5,27,6,14,7,4,1,8997
2.1,24,2,25,17,0,6,3,1,15075
2.3,10,19,22,24,8,3,4,0,18016
2.7,18,14,20,11,4,8,5,1,19365
3.4,25,0,23,9,2,6,1,0,9134
4,16,6,30,17,14,2,5,1,9487
4.2,21,7,17,22,4,9,4,1,18149
3.5,21,21,27,18,20,6,2,1,16933
3.5,29,1,6,15,4,5,5,0,15996
3.8,28,28,30,0,15,3,4,1,18070
2.8,2,6,17,0,12,2,3,0,13520
4.4,25,1,27,20,6,6,4,1,15198
4.2,28,6,14,2,29,4,5,1,19852
3.6,25,26,16,16,30,4,1,0,10640
4.5,28,7,13,19,7,1,3,1,17358
2.1,21,0,1,7,29,10,2,0,15895
1.9,26,15,11,23,9,2,5,0,12557
3.3,9,16,19,20,12,10,3,0,15776
3.1,5,30,30,17,19,3,5,1,13982
2.4,28,15,15,27,4,1,3,0,12329
3.3,18,17,7,15,12,0,4,1,13265
1.9,9,12,11,14,7,3,4,0,9365
2.1,1,8,12,14,19,10,4,0,10302
2,14,16,20,12,20,8,4,1,9199
3.3,5,23,18,0,27,7,4,0,12629
4.1,26,20,11,0,2,8,1,0,18270
3.7,13,24,11,7,14,8,5,0,9944
4.6,13,0,24,9,3,5,4,0,9118
4.6,28,6,10,10,1,10,1,0,9774
4.4,17,8,21,5,25,5,1,0,14448
1.9,29,15,22,9,28,2,1,1,10442
3.5,26,7,21,22,23,6,3,1,17068
2.1,19,29,30,22,5,7,5,1,11978
2.2,18,10,28,8,22,9,3,1,18965
3.5,20,26,23,11,30,2,5,0,9448
2.3,4,21,1,27,3,7,2,1,13667
1.7,26,15,1,8,9,6,1,1,16924
2.5,27,18,21,10,17,5,1,1,18228
4.5,28,11,24,14,7,0,1,1,15264
4.5,30,4,13,7,16,10,5,1,8500
1.9,18,5,23,6,13,5,2,0,19340
3.7,9,2,25,15,14,3,3,1,13426
3.7,26,19,20,0,2,8,4,1,17658
4,8,28,14,17,24,2,1,1,8513
2.6,3,12,17,8,18,10,1,1,17292
3.2,17,13,21,12,18,7,5,1,13218
3.3,13,22,22,16,24,9,4,0,8931
2.9,17,18,29,20,20,3,3,1,8524
4.1,5,23,19,0,23,2,4,1,18924
3.4,21,3,28,23,3,0,4,1,16557
2.3,0,0,24,24,13,6,1,1,19814
2.5,20,4,26,10,3,4,5,1,14227
2.5,18,17,7,9,0,10,3,0,19514
2.9,27,1,23,27,30,4,1,0,17809
4.2,22,21,24,20,29,4,1,1,19174
4.1,7,4,21,21,20,6,5,0,10840
2.7,18,25,6,15,22,10,1,1,17391
3.1,16,3,6,12,17,0,1,0,16763
3,22,5,26,5,7,0,2,0,12732
2.7,14,1,6,26,12,7,3,0,9177
2.5,13,3,29,7,0,9,3,0,19892
2.2,13,2,17,27,6,1,5,0,15944
3.9,19,3,7,6,14,10,2,0,13002
4.3,10,19,21,19,5,0,1,1,19275
3.1,2,4,1,9,14,0,5,0,14217
2.3,22,16,6,21,17,7,2,0,10581
4.7,30,24,12,6,13,5,3,0,13211
2.4,11,27,5,12,7,6,5,1,14930
4.5,14,29,0,16,30,4,1,1,13664
2.5,21,22,4,20,3,7,4,0,16079
3.3,15,7,26,11,12,4,3,0,13861
4.6,23,14,23,19,15,7,3,1,11227
2.1,20,26,2,26,20,9,4,1,12472
3.5,29,16,3,25,9,5,5,0,15238
1.8,30,8,1,22,6,0,2,1,11627
4.6,14,29,3,13,1,3,2,1,9493
2.3,1,3,7,25,26,7,4,0,19591
4.2,26,7,17,0,30,2,3,0,13456
3.2,8,5,7,8,6,3,1,0,18009
4.6,22,23,28,29,26,6,3,0,16122
2.4,28,12,9,27,12,5,2,1,17406
4.4,15,14,21,28,8,4,3,1,17570
2.5,28,29,12,24,2,4,4,1,18832
2.4,24,22,2,29,13,6,2,0,9791
4.1,11,24,3,22,27,10,2,1,18283
3,7,5,24,15,21,6,5,1,8784
4.1,25,26,11,18,8,2,1,0,11658
1.8,8,9,27,27,10,4,4,1,10396
2,2,18,13,16,18,6,2,0,15269
2,17,19,12,19,9,8,3,1,19872
2.5,14,18,0,7,9,6,5,1,12069
2.8,6,27,7,24,21,4,4,0,17600
2.9,27,4,10,21,0,6,3,1,18724
3.6,9,0,13,30,21,5,4,1,19284
2.9,20,18,6,17,19,10,1,0,18455
2,22,4,26,17,2,8,3,1,14212
2.4,14,2,3,28,10,0,5,1,14642
3.1,2,16,25,3,21,2,1,1,17592
3.5,18,25,24,4,19,4,4,1,13655
3.6,14,19,27,2,26,0,4,0,15159
3.1,2,19,21,1,3,8,5,1,16056
3.2,26,14,24,4,15,8,5,1,17521
2.2,18,6,8,17,17,2,5,1,19127
3.6,20,14,28,18,11,0,4,0,13424
2.9,16,27,4,19,0,4,2,1,17086
4.6,29,17,3,26,25,2,3,1,14747
3.2,4,10,9,1,17,9,3,0,19534
4.4,11,16,11,30,4,4,3,0,16375
2.3,11,2,17,0,3,0,3,1,14139
1.7,4,20,30,5,4,9,4,0,18042
3.8,7,29,25,8,3,7,2,0,15502
2.4,17,3,10,3,14,1,3,0,10908
4.4,23,4,13,18,4,0,2,1,18616
3.8,24,2,15,16,18,9,5,0,16175
1.7,26,16,15,7,1,3,4,1,10641
3.2,23,13,25,18,5,1,2,1,18721
4.1,29,14,9,10,13,7,3,1,14449
4.2,27,15,28,12,16,2,5,0,12489
3.1,5,24,13,2,30,6,2,0,10429
1.9,8,6,19,22,14,7,4,0,17551
2.4,15,10,30,21,20,4,1,1,12183
2.1,16,9,27,4,5,0,1,0,9440
4.4,3,29,8,8,1,3,4,0,19260
2.7,13,10,17,23,24,9,1,1,19105
1.9,12,23,28,15,5,4,3,0,10095
3.6,20,8,23,14,26,6,2,1,16718
2.2,26,25,17,23,27,3,1,1,11180
1.8,8,28,20,22,12,10,4,0,17442
2,10,14,28,24,24,2,2,1,16319
1.7,12,20,18,16,6,0,5,0,19420
3.6,3,14,22,7,6,6,5,0,8882
2.8,21,22,19,7,21,4,2,1,10452
3.6,29,28,11,29,18,7,2,1,19739
3.3,29,13,0,22,17,0,5,1,19079
2.1,3,24,26,4,18,6,5,1,14792
3.4,30,13,1,10,7,9,3,1,17767
2.5,21,23,15,2,18,4,5,1,18954
2.3,15,8,25,10,16,0,4,0,16093
4.1,3,11,1,27,14,6,3,1,9080
2.6,18,16,6,28,19,2,5,1,16220
3.2,27,10,13,1,24,8,3,1,15362
3.8,2,15,29,5,4,5,5,0,14020
2.3,9,20,23,2,0,1,4,0,8705
2.4,17,25,15,3,20,7,2,1,15800
3,1,30,5,3,20,7,3,0,8639
3.4,22,6,10,11,26,2,2,1,15698
1.8,26,7,29,16,27,7,1,0,16406
2.8,10,24,25,3,25,10,1,1,16100
3.9,6,10,9,25,15,1,3,1,14692
2.4,5,1,20,22,10,6,1,1,17794
2.6,21,13,9,13,12,0,2,1,19375
4.2,25,18,0,24,14,0,5,1,18669
4.5,15,14,3,23,2,9,3,0,14696
2.3,21,19,0,11,1,1,1,0,15298
2,7,9,4,28,10,10,4,0,14207
2.2,30,12,4,9,19,4,3,1,15226
4.3,25,16,8,15,16,4,2,0,18237
3,6,27,10,25,2,1,5,0,13192
4.5,17,26,22,0,6,0,4,1,10898
2,11,23,26,13,16,2,4,0,10164
4.6,28,8,6,27,8,10,4,0,11378
4.6,5,1,11,4,26,1,1,0,13077
2.6,30,0,9,6,3,2,5,0,9924
2.6,15,15,25,25,0,3,1,0,10871
2.7,1,7,14,15,22,9,5,1,10358
3.5,10,13,29,29,24,10,2,1,19412
2.8,21,8,9,9,6,3,3,0,19185
3.3,26,8,0,20,16,1,4,0,8804
2.5,9,10,2,14,9,3,3,1,10137
4.2,7,23,29,7,8,0,1,1,13046
2.7,18,28,10,29,26,8,5,0,18839
4.1,12,30,21,2,15,7,3,0,19217
4,8,20,7,22,13,3,2,0,10795
3.6,30,28,23,7,2,0,2,1,11490
4.3,9,25,0,1,5,5,1,0,14512
4.6,29,15,10,29,24,2,4,0,13090
2.4,30,6,30,17,22,9,4,1,19885
3.7,20,29,0,14,14,4,1,0,16960
3,1,26,2,28,22,9,1,0,19878
2.7,19,17,5,22,12,7,5,1,9168
4.1,26,15,27,23,5,10,4,0,19053
2.7,12,2,11,2,1,9,3,0,17029
2.1,25,14,24,19,0,9,5,1,9648
2.8,15,23,20,26,10,0,4,0,14232
3.5,8,21,2,7,21,5,4,0,18518
2.7,1,9,5,17,7,4,5,1,10381
1.8,23,13,14,25,8,2,3,0,18792
2.7,21,29,13,9,10,4,4,1,17878
2.3,18,13,29,8,2,4,3,0,17822
2.1,13,27,2,3,6,4,4,1,18581
3.5,23,14,3,11,16,7,3,1,15029
3.9,27,7,4,21,21,0,3,0,18061
3.1,16,14,11,8,6,2,3,1,18186
3.2,28,16,10,30,6,4,2,0,11202
3,9,7,22,27,19,1,1,0,18985
3.5,16,30,17,28,2,0,3,0,16026
2.9,23,24,4,24,16,1,2,1,19460
3.3,26,11,30,23,28,6,5,0,11418
2.2,2,2,24,2,1,5,2,0,11164
2.4,3,1,28,18,23,3,1,0,17216
4,27,10,13,25,17,6,5,1,17544
2.9,28,29,14,5,18,6,1,0,10191
3.4,16,27,24,2,13,0,2,1,13511
2,24,5,8,6,0,0,2,1,14726
3.9,23,14,7,4,8,10,2,0,19587
1.9,16,7,26,15,14,4,1,0,14650
4.7,25,6,17,5,28,0,5,1,16512
3.4,5,3,10,2,16,8,4,1,13093
1.8,23,18,15,13,12,4,1,1,13818
3.2,26,22,19,20,29,3,3,0,15288
1.8,20,3,29,17,27,1,2,1,15320
3.7,19,14,0,5,20,10,2,0,19143
3.3,30,10,10,29,29,3,3,1,13773
1.8,14,1,4,2,16,10,3,0,10144
4.3,22,27,21,28,10,5,3,0,11304
2.3,14,28,23,10,16,2,2,0,11220
1.9,27,0,11,15,28,7,4,1,12924
2.3,23,15,17,29,20,1,4,1,9313
3.2,17,4,8,12,26,5,5,0,13295
3.8,30,28,28,7,4,0,5,0,9796
2.8,7,9,5,30,8,10,3,1,11043
3.4,26,18,4,24,2,2,3,1,15763
4.3,0,17,24,6,17,3,4,0,17416
2.9,30,20,20,6,17,9,3,0,16001
2.3,28,28,5,2,1,0,3,0,11203
3.4,29,25,19,8,12,6,2,0,8558
2.7,2,2,13,8,12,0,3,0,16490
2.1,19,5,21,14,12,8,3,1,9774
4.1,24,0,21,28,24,9,2,1,13348
2.1,25,29,17,15,1,2,3,0,18356
1.9,9,14,7,24,3,4,5,0,14914
2.8,21,5,11,24,14,4,3,0,11613
2.1,22,29,2,2,6,5,1,0,10730
4.4,9,9,3,10,27,2,4,0,15850
4,9,15,0,21,13,0,5,1,11471
4.1,20,15,26,5,3,5,1,1,19803
3,3,19,17,27,4,2,3,0,18653
2.5,27,24,7,5,1,6,4,0,12104
4.1,25,29,29,29,4,8,3,1,9191
4.7,30,0,21,24,24,8,4,1,18201
3.3,29,11,9,17,9,10,1,0,10463
3.9,21,12,27,21,9,6,2,0,8824
1.8,20,12,9,30,28,4,2,1,11471
3.2,13,20,25,16,24,8,3,1,11730
4.3,13,6,14,22,9,10,2,0,12084
4.6,18,25,4,18,4,6,5,0,11550
4.6,15,16,6,1,16,5,2,0,18695
2.7,2,9,7,4,1,3,4,1,10216
2.7,24,4,20,22,8,9,1,1,17533
1.8,13,22,0,26,13,5,2,1,13930
3,20,20,28,29,22,8,1,0,12780
4.5,21,16,18,15,12,0,3,1,16807
2.8,16,18,2,26,6,0,1,1,10090
2.1,0,14,26,18,20,0,2,0,11288
1.9,7,2,0,7,23,0,4,0,9213
4.1,4,2,24,24,0,2,1,1,15387
2.6,14,22,25,24,20,10,2,1,9846
4.1,28,6,22,10,11,5,5,0,13135
2.2,29,12,21,6,25,7,3,0,9280
2.2,29,21,12,16,8,10,3,0,11669
1.9,9,23,10,26,14,10,3,1,9883
3.5,26,20,1,17,26,8,3,1,13706
3.8,8,28,22,26,4,1,4,0,10846
4.1,26,10,15,30,23,3,5,0,11414
2.6,4,19,29,19,16,3,4,0,10460
3,29,20,19,15,12,8,2,0,14214
3.1,11,5,9,6,16,4,3,1,18977
4.4,30,16,17,9,21,5,3,0,17104
4.4,1,21,26,0,25,5,4,0,14389
1.7,27,22,30,30,26,7,1,0,16897
2.2,6,7,7,14,25,6,1,0,15129
1.8,6,14,28,7,5,2,5,1,19504
3.5,11,1,19,13,1,1,5,0,11980
2.8,0,11,15,24,2,1,5,0,11716
4,6,20,20,27,25,4,5,0,9977
3.8,8,30,25,2,23,5,3,0,10259
2.5,27,30,27,17,25,2,1,1,16550
2.6,20,6,8,13,10,0,2,0,10432
1.9,9,8,15,4,3,3,5,1,8795
2.1,17,4,9,7,16,2,5,0,13959
1.8,6,21,20,21,19,10,4,1,8631
2.2,15,9,24,30,1,8,4,1,12037
3.4,4,14,15,14,9,9,3,0,14666
2,29,16,15,15,18,3,5,0,13389
3.5,26,12,18,5,5,5,2,1,10535
1.9,22,23,14,27,29,8,5,1,13956
4.3,6,0,11,7,25,1,3,0,15077
2.4,9,26,27,25,9,2,3,0,17098
3.5,14,0,22,2,6,5,2,1,17356
4.2,2,24,21,20,30,10,5,0,9576
3.3,8,18,20,2,9,3,5,0,12695
1.7,26,28,25,24,23,8,2,0,18464
3.7,10,1,3,15,15,3,5,1,16315
4.2,20,3,23,6,18,0,3,1,18948
4.3,14,12,27,24,22,7,3,0,19274
1.8,20,26,20,18,13,1,4,0,12959
2.8,26,25,15,16,8,0,5,1,12149
2.4,4,24,2,24,17,4,1,0,15961
3.5,7,25,16,11,18,2,4,0,19303
3.4,0,17,19,29,7,2,4,1,12828
2.3,5,13,2,15,26,2,3,0,19789
3.8,25,24,16,20,2,0,5,1,18802
2.4,2,11,27,12,14,7,4,0,12401
1.7,22,5,20,30,15,10,1,1,19956
1.8,24,1,16,10,21,8,4,1,12953
3,13,30,24,1,8,9,2,1,10312
2.5,27,25,4,11,27,3,1,1,9865
2.9,13,14,27,20,4,9,3,1,19184
4.1,21,27,19,6,5,5,2,1,17781
4.6,4,15,15,25,27,10,2,1,14744
2.5,25,20,30,30,17,7,1,1,11234
4,5,19,24,14,0,4,1,0,9031
4.5,23,12,28,8,6,0,1,0,18807
3.9,23,21,14,19,13,8,4,0,18149
1.9,14,4,6,16,27,10,1,0,10748
2.6,25,12,3,18,2,10,3,0,11144
3,12,14,18,16,28,3,3,1,13987
4.2,9,4,29,0,14,8,4,1,13254
3.1,24,11,11,17,20,2,3,1,9029
2.4,11,26,13,16,6,3,5,0,9865
3.3,10,3,2,5,9,0,3,1,13435
4.1,13,27,0,1,25,3,5,1,10653
4.2,20,27,21,9,24,1,1,0,18945
2.6,11,20,24,10,25,2,2,0,10984
4.1,11,29,0,30,17,0,5,1,9857
2.3,14,22,19,16,5,6,3,1,8865
2.7,0,24,9,22,30,6,5,0,8505
2.2,6,21,26,25,0,4,1,1,13054
2.8,4,18,11,29,18,1,2,1,18180
2.1,0,16,26,11,24,0,2,1,19953
4.6,22,26,21,6,1,10,1,0,19506
4.5,11,28,2,22,30,8,5,0,19238
3,1,6,9,20,4,0,5,1,11587
4.1,7,11,7,19,6,4,2,0,15009
2.2,10,5,10,24,19,7,5,1,17438
4.7,5,20,10,17,14,7,2,1,19712
4.1,12,0,7,8,17,7,2,0,14331
3.7,14,11,28,19,29,1,3,0,15941
4,10,22,15,16,24,0,3,1,16015
4.3,3,22,24,2,6,1,3,1,14701
3.8,27,8,20,18,18,6,3,0,12946
2.7,2,4,21,2,19,8,5,0,15499
4.4,25,21,3,24,22,3,2,1,8694
2.8,18,10,8,12,10,9,2,0,13640
4.6,6,28,5,30,16,4,2,0,12488
3.6,23,23,19,9,24,8,2,0,11306
3.2,27,11,11,10,10,2,2,1,18942
3.6,14,27,27,10,12,8,3,0,9776
3.9,16,10,21,15,5,9,5,1,11876
3.1,20,25,23,14,25,10,5,0,18157
2,20,5,9,28,6,1,3,0,14731
2.9,21,19,7,20,6,8,3,0,17704
2.6,15,15,3,14,28,1,4,0,18299
3.1,1,16,17,30,25,2,4,1,18135
2.5,10,8,5,22,5,7,3,0,19205
2.4,12,25,7,29,19,5,2,0,19707
1.8,2,12,1,12,19,1,2,1,12172
4.4,29,7,0,10,12,8,2,0,11637
3.7,18,24,22,30,25,3,1,1,14770
4.6,27,2,25,24,9,9,5,0,15538
3.9,23,28,25,20,7,4,4,0,17085
4.6,22,22,22,6,28,5,1,0,12713
4.3,0,30,24,27,25,6,3,0,9111
1.8,13,18,8,13,22,8,2,1,12164
3.9,27,4,19,27,20,0,1,1,17014
2.4,25,14,25,3,2,5,1,0,13053
4.2,13,10,0,21,7,10,4,0,10712
2.6,24,13,22,25,7,9,5,0,14766
4.5,14,26,16,23,18,9,1,0,12724
2.8,3,12,10,19,30,1,1,0,13919
2.4,14,16,2,11,25,9,5,0,14367
2.1,30,29,18,2,4,7,5,1,14489
2.9,3,18,12,15,18,1,4,1,16894
4.1,28,16,12,2,1,10,4,0,14406
2,21,1,23,19,9,7,2,1,9106
4.2,23,9,16,13,24,7,5,1,14795
3.3,28,29,25,27,12,8,3,1,16566
4,21,4,23,29,5,6,4,1,13273
1.7,27,22,25,28,0,2,4,0,14755
2.3,17,23,17,12,28,10,2,0,10724
4.6,17,16,21,11,5,0,2,0,16338
2.7,8,26,16,11,9,9,3,1,9819
3.7,28,21,29,5,8,3,2,1,11199
4.4,23,28,21,19,17,8,3,0,12445
2.1,27,6,14,29,2,10,1,1,12560
2.2,6,6,21,15,22,0,3,1,13368
2.4,28,0,27,24,8,2,2,0,17565
3.3,4,3,21,29,30,2,3,0,11455
3.6,8,24,15,22,9,3,2,0,13808
3,27,11,21,14,1,0,4,0,14407
3.9,4,3,22,8,13,2,3,1,14994
2,30,19,0,23,20,5,2,1,12183
2.9,24,5,19,26,8,10,4,0,10958
2.4,21,3,15,6,25,0,4,1,13607
4.2,29,30,22,2,23,9,4,0,19138
2.6,22,0,5,12,28,3,2,1,14830
3.6,2,24,30,6,29,0,1,1,10068
3,28,2,7,8,19,0,1,0,11598
4.3,9,11,27,19,19,9,5,0,15536
4.4,3,6,28,12,28,1,3,1,13911
2.6,8,0,18,16,1,7,3,0,14909
4.5,23,5,0,24,8,2,5,1,11697
2.6,9,21,12,7,23,8,5,1,11452
3.5,15,1,6,1,12,7,5,1,11558
3.9,23,13,9,23,26,5,4,0,14189
2.2,3,25,24,26,27,4,5,1,9731
2.5,21,3,17,12,27,7,4,1,18730
4.5,20,17,20,22,10,5,1,1,12817
1.8,17,25,13,26,5,2,4,1,11280
3.2,4,13,6,8,24,2,3,1,18917
2.7,2,20,11,2,17,10,1,0,17309
3.1,26,29,22,19,19,2,5,1,8902
2.4,27,0,12,8,2,4,2,0,12181
3.7,28,6,26,19,23,0,4,0,11172
4,11,27,3,28,28,6,1,1,9803
2.7,8,3,13,5,28,3,3,1,19949
2.3,13,7,5,10,1,0,3,0,14674
1.7,30,19,0,1,19,4,2,0,11270
4,0,26,28,16,8,7,5,1,14670
2.4,10,5,14,25,27,7,4,0,19990
2.1,11,13,28,13,8,0,4,0,16629
3.9,6,24,22,1,0,0,3,1,19223
3.1,21,12,16,30,12,9,4,1,14560
4.3,3,5,3,28,27,1,3,1,17150
4,27,6,27,7,16,8,5,0,13774
2.1,15,16,1,22,24,8,4,0,18922
3.4,3,8,17,15,17,6,1,0,14924
3.8,6,21,6,28,26,4,1,1,9582
3.2,9,3,19,8,11,5,2,1,19267
3,30,17,10,11,25,8,2,1,17757
1.8,7,8,12,15,25,2,1,1,11107
3.2,30,15,28,15,21,9,1,0,19631
4,5,6,26,15,6,4,3,0,17183
2.1,22,12,15,12,6,4,1,0,10257
4.2,26,23,3,23,3,10,1,0,14634
4.1,3,18,24,21,24,5,4,1,16186
2.7,8,16,5,13,10,4,2,1,18910
2,12,29,16,1,12,3,1,1,10587
3.7,11,29,17,2,4,5,5,0,15982
4.5,12,11,23,5,1,3,1,1,9656
2.6,4,27,29,25,20,0,5,0,13613
4.2,2,0,9,2,9,3,4,0,14995
1.8,30,22,27,20,14,9,4,1,13983
2.8,22,25,11,7,15,3,3,0,13168
3.5,5,26,8,10,29,9,1,1,17288
2,5,29,14,25,6,8,4,0,18169
4,30,22,8,6,13,8,3,0,19470
4.6,24,22,11,25,12,2,5,1,13008
2.6,2,29,0,21,20,3,5,1,11807
2,20,26,30,2,24,4,5,1,14976
3.9,12,9,2,4,26,1,1,0,10809
2.1,11,23,14,7,14,0,2,0,19241
4.1,14,1,9,30,27,10,3,1,10925
1.8,2,15,7,23,11,1,1,1,14726
1.8,30,16,24,23,25,2,3,0,13355
2.3,9,24,6,15,28,8,3,0,13961
2.8,30,22,15,19,22,3,1,1,15756
3.8,12,5,19,17,25,1,4,1,16129
4.5,30,11,26,27,23,1,1,1,16390
2.2,11,21,19,1,25,10,4,0,12864
4.5,12,11,24,27,6,3,4,1,11933
3.3,27,19,25,15,8,10,4,0,9711
4.3,1,26,17,6,14,6,3,0,14685
4.4,24,9,13,15,10,0,1,1,18193
3.6,24,19,26,27,17,7,1,0,12420
4.2,15,30,29,29,1,3,3,0,13978
2,23,23,29,27,8,1,1,1,10380
4.3,5,22,10,3,22,7,2,0,16156
2.5,15,25,8,8,11,10,4,0,18004
4.2,21,14,4,28,29,8,5,0,15803
2.3,19,10,11,2,7,10,3,0,14751
4.4,4,22,20,7,22,0,1,0,19673
2.8,29,0,5,23,29,4,3,1,9906
2.1,25,3,21,14,0,7,5,1,13223
4.6,1,12,28,16,3,9,2,0,13263
3.6,23,25,7,5,14,8,4,0,14009
2.1,18,29,9,13,18,1,1,0,10867
2.1,4,4,20,24,18,3,4,0,18225
2.7,9,30,12,22,5,5,2,0,18539
1.9,12,11,24,26,6,6,4,0,11351
2.8,25,29,3,4,5,2,4,1,18244
3.2,25,15,8,17,2,9,4,1,16298
3.5,0,21,28,24,13,9,4,1,10124
2,19,6,6,23,28,3,3,0,17617
3.9,19,2,6,23,12,2,2,0,17658
3.9,4,13,16,12,6,2,1,0,16135
2.6,0,11,9,12,9,2,2,1,18812
4,24,14,10,29,30,2,4,0,9270
4.2,26,7,14,17,21,2,1,0,19047
4,14,15,25,25,29,3,5,0,9437
4.1,14,24,0,23,18,3,3,1,11189
2.5,23,8,18,19,12,1,3,0,15027
2.1,19,6,24,14,20,3,5,0,12980
3.2,25,11,7,28,19,2,4,0,12170
1.7,3,11,30,19,3,10,2,1,10716
2.4,21,16,13,25,19,5,4,1,8948
4.5,4,17,26,29,30,1,3,0,11522
4,7,23,15,13,18,0,3,0,11021
2.3,28,9,4,30,13,1,4,1,9131
4.2,5,12,20,0,25,0,1,1,17214
3,30,21,15,20,26,0,2,0,17597
4.6,19,17,2,3,21,9,2,1,15929
4.2,29,18,4,25,1,7,3,1,9116
4.1,29,29,9,2,5,9,3,1,13139
4,6,25,0,27,0,3,2,0,19213
4.6,17,16,30,2,28,3,2,1,14853
2.1,12,7,19,8,12,7,3,1,12213
4.1,25,30,28,0,24,7,1,0,13354
2.4,2,22,19,20,13,1,5,1,13353
3.9,3,17,4,13,14,2,5,0,17317
4.3,10,25,22,13,16,7,2,0,13909
2.3,22,10,8,1,30,9,5,1,18702
3,17,27,28,14,26,7,5,0,18572
2.8,29,25,19,20,4,10,5,1,18379
3.9,14,5,16,22,0,4,1,1,17937
3.9,16,25,11,28,19,4,3,1,8531
3.7,24,14,0,22,18,6,2,0,11971
4.1,15,15,1,21,3,2,4,1,18505
3.6,15,28,11,14,8,10,4,1,11804
3.6,30,21,19,9,30,1,2,1,9366
2.9,9,5,7,9,18,4,2,1,10619
2.8,7,2,16,12,15,1,3,1,9565
1.8,3,0,2,28,23,7,3,0,17310
4.1,10,19,23,17,12,6,5,1,15432
2.5,6,3,30,5,27,8,3,1,9414
3.6,30,9,28,7,9,9,3,1,9715
4.1,10,4,24,3,10,10,1,1,19954
1.8,2,1,16,9,19,4,1,0,14183
4.6,3,21,15,28,19,10,4,0,8986
1.9,4,20,9,12,13,6,5,1,12670
4.3,16,1,19,16,24,0,2,1,18672
4.6,7,5,20,23,29,1,2,1,12069
4.7,11,27,21,7,16,9,2,0,10280
2.2,2,13,17,4,27,10,5,0,12263
2.6,5,16,13,11,7,4,4,0,18187
2.7,17,3,9,13,16,1,2,1,13008
2.5,11,9,19,28,23,10,4,1,17977
2.9,24,12,14,19,8,3,2,1,19343
3.1,18,18,20,0,3,0,3,1,18865
2.7,1,6,2,27,10,3,1,0,10722
4.6,12,11,10,4,28,8,4,1,14095
2.5,20,11,29,8,0,2,5,0,11214
4.3,28,25,3,20,30,6,5,0,18923
4,15,0,24,15,12,3,3,0,15291
4.2,21,15,3,22,12,3,5,0,18770
3.8,18,0,0,19,25,9,2,1,17089
2.4,23,27,12,4,1,0,5,0,17457
3.4,28,11,26,0,21,7,5,0,9979
2.3,4,5,23,13,25,0,2,0,10265
2.5,10,11,11,30,15,3,3,0,18851
1.8,18,26,23,30,2,8,1,1,17180
3.5,19,7,0,29,14,8,1,1,16283
2.6,7,27,12,27,23,1,4,1,15191